x-axis,v1,v2
second,Volt,Volt
-5.000000E-06,+2.974874339998E+00,+4.904522560537E+00
-4.995000E-06,+3.698492422700E+00,+4.904522560537E+00
-4.990000E-06,+4.261306487024E+00,+4.743718542159E+00
-4.985000E-06,+4.582914523780E+00,+4.663316532969E+00
-4.980000E-06,+4.743718542159E+00,+4.422110505402E+00
-4.975000E-06,+4.904522560537E+00,+4.180904477835E+00
-4.970000E-06,+5.065326578915E+00,+3.939698450267E+00
-4.965000E-06,+5.145728588104E+00,+3.618090413511E+00
-4.960000E-06,+5.145728588104E+00,+3.376884385943E+00
-4.955000E-06,+5.065326578915E+00,+3.216080367565E+00
-4.950000E-06,+5.065326578915E+00,+2.894472330809E+00
-4.945000E-06,+5.145728588104E+00,+2.733668312430E+00
-4.940000E-06,+5.065326578915E+00,+2.412060275674E+00
-4.935000E-06,+5.145728588104E+00,+2.170854248106E+00
-4.930000E-06,+5.226130597293E+00,+1.929648220539E+00
-4.925000E-06,+5.226130597293E+00,+1.608040183783E+00
-4.920000E-06,+5.226130597293E+00,+1.447236165404E+00
-4.915000E-06,+5.226130597293E+00,+1.206030137837E+00
-4.910000E-06,+5.226130597293E+00,+884.422101081E-03
-4.905000E-06,+5.145728588104E+00,+884.422101080E-03
-4.900000E-06,+5.306532606483E+00,+723.618082702E-03
-4.895000E-06,+5.145728588104E+00,+562.814064324E-03
-4.890000E-06,+5.306532606482E+00,+402.010045946E-03
-4.885000E-06,+5.226130597293E+00,+402.010045946E-03
-4.880000E-06,+5.306532606482E+00,+321.608036757E-03
-4.875000E-06,+5.226130597293E+00,+241.206027567E-03
-4.870000E-06,+5.226130597293E+00,+0.0E+00
-4.865000E-06,+5.226130597294E+00,+80.402009189E-03
-4.860000E-06,+5.306532606482E+00,+80.402009189E-03
-4.855000E-06,+5.226130597294E+00,+80.402009189E-03
-4.850000E-06,+5.306532606482E+00,+80.402009189E-03
-4.845000E-06,+5.306532606482E+00,-0.0E+00
-4.840000E-06,+5.226130597293E+00,+0.0E+00
-4.835000E-06,+5.226130597293E+00,+0.0E+00
-4.830000E-06,+5.226130597293E+00,-80.402009189E-03
-4.825000E-06,+5.226130597293E+00,+0.0E+00
-4.820000E-06,+5.226130597294E+00,+0.0E+00
-4.815000E-06,+5.226130597293E+00,+0.0E+00
-4.810000E-06,+5.306532606482E+00,-80.402009189E-03
-4.805000E-06,+5.306532606482E+00,-80.402009189E-03
-4.800000E-06,+5.226130597293E+00,+0.0E+00
-4.795000E-06,+5.306532606482E+00,-0.0E+00
-4.790000E-06,+5.306532606482E+00,-160.804018378E-03
-4.785000E-06,+5.145728588105E+00,-0.0E+00
-4.780000E-06,+5.226130597293E+00,-80.402009189E-03
-4.775000E-06,+5.226130597293E+00,-80.402009189E-03
-4.770000E-06,+5.306532606482E+00,-80.402009189E-03
-4.765000E-06,+5.226130597294E+00,-80.402009189E-03
-4.760000E-06,+5.226130597293E+00,-80.402009189E-03
-4.755000E-06,+5.306532606482E+00,-80.402009189E-03
-4.750000E-06,+5.226130597293E+00,-160.804018378E-03
-4.745000E-06,+5.226130597293E+00,-0.0E+00
-4.740000E-06,+5.226130597293E+00,-80.402009189E-03
-4.735000E-06,+5.226130597293E+00,-0.0E+00
-4.730000E-06,+5.306532606482E+00,-80.402009189E-03
-4.725000E-06,+5.226130597294E+00,-80.402009189E-03
-4.720000E-06,+5.226130597293E+00,-80.402009189E-03
-4.715000E-06,+5.226130597293E+00,+0.0E+00
-4.710000E-06,+5.306532606482E+00,-80.402009189E-03
-4.705000E-06,+5.145728588105E+00,+0.0E+00
-4.700000E-06,+5.145728588104E+00,-0.0E+00
-4.695000E-06,+5.226130597293E+00,-0.0E+00
-4.690000E-06,+5.306532606482E+00,-80.402009189E-03
-4.685000E-06,+5.306532606482E+00,-0.0E+00
-4.680000E-06,+5.306532606482E+00,-80.402009189E-03
-4.675000E-06,+5.306532606483E+00,-0.0E+00
-4.670000E-06,+5.226130597293E+00,-160.804018378E-03
-4.665000E-06,+5.306532606483E+00,-0.0E+00
-4.660000E-06,+5.226130597294E+00,-80.402009189E-03
-4.655000E-06,+5.226130597294E+00,-80.402009189E-03
-4.650000E-06,+5.306532606482E+00,-80.402009189E-03
-4.645000E-06,+5.226130597293E+00,-160.804018378E-03
-4.640000E-06,+5.306532606482E+00,-80.402009189E-03
-4.635000E-06,+5.226130597293E+00,+0.0E+00
-4.630000E-06,+5.226130597293E+00,-80.402009189E-03
-4.625000E-06,+5.226130597294E+00,-0.0E+00
-4.620000E-06,+5.226130597293E+00,-80.402009189E-03
-4.615000E-06,+5.226130597294E+00,-0.0E+00
-4.610000E-06,+5.306532606483E+00,-80.402009189E-03
-4.605000E-06,+5.226130597294E+00,-0.0E+00
-4.600000E-06,+5.306532606482E+00,-80.402009189E-03
-4.595000E-06,+5.226130597293E+00,-0.0E+00
-4.590000E-06,+5.306532606482E+00,-80.402009189E-03
-4.585000E-06,+5.226130597294E+00,-80.402009189E-03
-4.580000E-06,+5.226130597293E+00,-80.402009189E-03
-4.575000E-06,+5.226130597294E+00,-80.402009189E-03
-4.570000E-06,+5.306532606483E+00,-80.402009189E-03
-4.565000E-06,+5.306532606483E+00,-160.804018378E-03
-4.560000E-06,+5.226130597294E+00,-80.402009189E-03
-4.555000E-06,+5.306532606483E+00,-80.402009189E-03
-4.550000E-06,+5.306532606482E+00,-160.804018378E-03
-4.545000E-06,+5.306532606483E+00,-80.402009189E-03
-4.540000E-06,+5.306532606483E+00,-0.0E+00
-4.535000E-06,+5.226130597294E+00,+0.0E+00
-4.530000E-06,+5.306532606482E+00,-80.402009189E-03
-4.525000E-06,+5.226130597294E+00,-1E-12
-4.520000E-06,+5.226130597293E+00,-80.402009189E-03
-4.515000E-06,+5.226130597293E+00,-0.0E+00
-4.510000E-06,+5.226130597293E+00,-160.804018378E-03
-4.505000E-06,+5.226130597293E+00,-0.0E+00
-4.500000E-06,+5.226130597293E+00,-80.402009189E-03
-4.495000E-06,+5.226130597293E+00,-80.402009189E-03
-4.490000E-06,+5.306532606482E+00,+0.0E+00
-4.485000E-06,+5.226130597294E+00,-80.402009189E-03
-4.480000E-06,+5.306532606482E+00,-80.402009189E-03
-4.475000E-06,+5.306532606482E+00,+0.0E+00
-4.470000E-06,+5.306532606482E+00,-160.804018378E-03
-4.465000E-06,+5.226130597294E+00,-80.402009189E-03
-4.460000E-06,+5.226130597293E+00,+0.0E+00
-4.455000E-06,+5.226130597294E+00,-0.0E+00
-4.450000E-06,+5.306532606482E+00,+80.402009189E-03
-4.445000E-06,+5.306532606483E+00,-80.402009189E-03
-4.440000E-06,+5.306532606482E+00,-80.402009189E-03
-4.435000E-06,+5.306532606483E+00,+0.0E+00
-4.430000E-06,+5.306532606482E+00,-160.804018377E-03
-4.425000E-06,+5.226130597294E+00,-80.402009189E-03
-4.420000E-06,+5.145728588105E+00,+0.0E+00
-4.415000E-06,+5.226130597294E+00,-0.0E+00
-4.410000E-06,+5.226130597294E+00,-80.402009189E-03
-4.405000E-06,+5.226130597294E+00,-0.0E+00
-4.400000E-06,+5.306532606481E+00,-80.402009189E-03
-4.395000E-06,+5.306532606482E+00,-80.402009189E-03
-4.390000E-06,+5.145728588104E+00,-80.402009189E-03
-4.385000E-06,+5.226130597294E+00,-80.402009189E-03
-4.380000E-06,+5.226130597293E+00,-80.402009190E-03
-4.375000E-06,+5.226130597294E+00,-1E-12
-4.370000E-06,+5.226130597293E+00,-80.402009189E-03
-4.365000E-06,+5.226130597293E+00,-1E-12
-4.360000E-06,+5.226130597293E+00,-80.402009189E-03
-4.355000E-06,+5.306532606482E+00,-1E-12
-4.350000E-06,+5.306532606482E+00,-160.804018377E-03
-4.345000E-06,+5.226130597294E+00,-80.402009189E-03
-4.340000E-06,+5.306532606482E+00,-80.402009189E-03
-4.335000E-06,+5.145728588105E+00,-1E-12
-4.330000E-06,+5.306532606483E+00,-80.402009189E-03
-4.325000E-06,+5.226130597293E+00,-1E-12
-4.320000E-06,+5.226130597293E+00,-80.402009189E-03
-4.315000E-06,+5.226130597294E+00,-1E-12
-4.310000E-06,+5.306532606482E+00,-80.402009189E-03
-4.305000E-06,+5.226130597294E+00,-1E-12
-4.300000E-06,+5.226130597293E+00,-80.402009189E-03
-4.295000E-06,+5.226130597293E+00,-1E-12
-4.290000E-06,+5.306532606482E+00,+0.0E+00
-4.285000E-06,+5.226130597293E+00,-80.402009190E-03
-4.280000E-06,+5.226130597293E+00,-80.402009189E-03
-4.275000E-06,+5.226130597293E+00,-80.402009189E-03
-4.270000E-06,+5.306532606481E+00,-80.402009189E-03
-4.265000E-06,+5.226130597293E+00,-1E-12
-4.260000E-06,+5.145728588105E+00,-80.402009189E-03
-4.255000E-06,+5.226130597293E+00,-1E-12
-4.250000E-06,+5.306532606482E+00,-80.402009189E-03
-4.245000E-06,+5.226130597294E+00,-80.402009190E-03
-4.240000E-06,+5.306532606482E+00,-80.402009190E-03
-4.235000E-06,+5.226130597293E+00,-1E-12
-4.230000E-06,+5.306532606483E+00,-160.804018377E-03
-4.225000E-06,+5.306532606483E+00,-80.402009189E-03
-4.220000E-06,+5.226130597293E+00,-80.402009189E-03
-4.215000E-06,+5.226130597293E+00,-1E-12
-4.210000E-06,+5.386934615670E+00,-80.402009189E-03
-4.205000E-06,+5.226130597293E+00,-1E-12
-4.200000E-06,+5.306532606483E+00,-80.402009188E-03
-4.195000E-06,+5.226130597293E+00,-1E-12
-4.190000E-06,+5.226130597293E+00,-160.804018377E-03
-4.185000E-06,+5.306532606482E+00,+0.0E+00
-4.180000E-06,+5.226130597293E+00,-1E-12
-4.175000E-06,+5.306532606482E+00,-1E-12
-4.170000E-06,+5.306532606482E+00,-80.402009188E-03
-4.165000E-06,+5.226130597294E+00,-1E-12
-4.160000E-06,+5.306532606481E+00,-80.402009188E-03
-4.155000E-06,+5.226130597293E+00,-1E-12
-4.150000E-06,+5.306532606482E+00,-80.402009188E-03
-4.145000E-06,+5.226130597294E+00,-80.402009189E-03
-4.140000E-06,+5.226130597293E+00,-80.402009189E-03
-4.135000E-06,+5.226130597293E+00,-1E-12
-4.130000E-06,+5.306532606482E+00,-80.402009188E-03
-4.125000E-06,+5.226130597293E+00,-160.804018378E-03
-4.120000E-06,+5.306532606482E+00,-80.402009188E-03
-4.115000E-06,+5.226130597293E+00,-80.402009189E-03
-4.110000E-06,+5.226130597293E+00,-80.402009188E-03
-4.105000E-06,+5.226130597294E+00,-1E-12
-4.100000E-06,+5.226130597293E+00,-80.402009188E-03
-4.095000E-06,+5.306532606482E+00,-1E-12
-4.090000E-06,+5.306532606483E+00,+0.0E+00
-4.085000E-06,+5.306532606483E+00,-160.804018378E-03
-4.080000E-06,+5.306532606482E+00,-80.402009189E-03
-4.075000E-06,+5.306532606482E+00,-1E-12
-4.070000E-06,+5.306532606483E+00,-160.804018377E-03
-4.065000E-06,+5.306532606483E+00,-1E-12
-4.060000E-06,+5.226130597294E+00,-1E-12
-4.055000E-06,+5.226130597294E+00,-1E-12
-4.050000E-06,+5.306532606482E+00,-80.402009188E-03
-4.045000E-06,+5.306532606482E+00,-1E-12
-4.040000E-06,+5.226130597293E+00,-80.402009188E-03
-4.035000E-06,+5.306532606482E+00,-80.402009188E-03
-4.030000E-06,+5.306532606482E+00,-80.402009188E-03
-4.025000E-06,+5.306532606483E+00,-1E-12
-4.020000E-06,+5.306532606483E+00,-80.402009189E-03
-4.015000E-06,+5.226130597294E+00,-80.402009189E-03
-4.010000E-06,+5.306532606482E+00,-80.402009190E-03
-4.005000E-06,+5.226130597294E+00,-80.402009189E-03
-4.000000E-06,+5.306532606482E+00,-80.402009188E-03
-3.995000E-06,+5.226130597293E+00,+0.0E+00
-3.990000E-06,+5.306532606482E+00,-80.402009188E-03
-3.985000E-06,+5.226130597294E+00,+0.0E+00
-3.980000E-06,+5.226130597293E+00,-80.402009189E-03
-3.975000E-06,+5.145728588105E+00,-80.402009189E-03
-3.970000E-06,+5.306532606482E+00,-80.402009188E-03
-3.965000E-06,+5.306532606483E+00,-80.402009190E-03
-3.960000E-06,+5.306532606482E+00,-80.402009188E-03
-3.955000E-06,+5.306532606482E+00,-1E-12
-3.950000E-06,+5.306532606482E+00,-160.804018377E-03
-3.945000E-06,+5.226130597294E+00,-80.402009189E-03
-3.940000E-06,+5.226130597294E+00,-80.402009189E-03
-3.935000E-06,+5.226130597293E+00,-80.402009189E-03
-3.930000E-06,+5.306532606482E+00,-80.402009189E-03
-3.925000E-06,+5.226130597294E+00,-80.402009189E-03
-3.920000E-06,+5.306532606482E+00,-80.402009188E-03
-3.915000E-06,+5.226130597293E+00,-1E-12
-3.910000E-06,+5.306532606483E+00,-80.402009188E-03
-3.905000E-06,+5.145728588107E+00,+0.0E+00
-3.900000E-06,+5.306532606482E+00,-1E-12
-3.895000E-06,+5.226130597293E+00,+0.0E+00
-3.890000E-06,+5.306532606482E+00,-80.402009189E-03
-3.885000E-06,+5.226130597293E+00,-1E-12
-3.880000E-06,+5.226130597293E+00,-80.402009188E-03
-3.875000E-06,+5.226130597293E+00,-1E-12
-3.870000E-06,+5.306532606482E+00,-80.402009188E-03
-3.865000E-06,+5.226130597294E+00,-1E-12
-3.860000E-06,+5.226130597294E+00,+0.0E+00
-3.855000E-06,+5.226130597294E+00,-1E-12
-3.850000E-06,+5.226130597293E+00,-80.402009189E-03
-3.845000E-06,+5.226130597294E+00,-80.402009189E-03
-3.840000E-06,+5.306532606482E+00,-80.402009188E-03
-3.835000E-06,+5.226130597293E+00,-80.402009189E-03
-3.830000E-06,+5.306532606482E+00,-80.402009188E-03
-3.825000E-06,+5.226130597294E+00,-80.402009189E-03
-3.820000E-06,+5.226130597293E+00,+0.0E+00
-3.815000E-06,+5.306532606482E+00,+0.0E+00
-3.810000E-06,+5.306532606483E+00,+0.0E+00
-3.805000E-06,+5.306532606483E+00,-1E-12
-3.800000E-06,+5.306532606482E+00,-80.402009188E-03
-3.795000E-06,+5.306532606483E+00,-80.402009189E-03
-3.790000E-06,+5.226130597293E+00,-80.402009188E-03
-3.785000E-06,+5.306532606483E+00,-1E-12
-3.780000E-06,+5.226130597293E+00,-80.402009189E-03
-3.775000E-06,+5.226130597294E+00,-1E-12
-3.770000E-06,+5.306532606482E+00,-1E-12
-3.765000E-06,+5.306532606483E+00,-80.402009189E-03
-3.760000E-06,+5.226130597293E+00,-80.402009189E-03
-3.755000E-06,+5.226130597293E+00,-1E-12
-3.750000E-06,+5.306532606482E+00,-80.402009188E-03
-3.745000E-06,+5.145728588106E+00,-80.402009189E-03
-3.740000E-06,+5.145728588106E+00,-80.402009189E-03
-3.735000E-06,+5.226130597294E+00,-1E-12
-3.730000E-06,+5.226130597293E+00,-80.402009189E-03
-3.725000E-06,+5.226130597293E+00,-1E-12
-3.720000E-06,+5.306532606482E+00,-80.402009188E-03
-3.715000E-06,+5.226130597293E+00,+0.0E+00
-3.710000E-06,+5.306532606481E+00,-80.402009188E-03
-3.705000E-06,+5.145728588105E+00,-1E-12
-3.700000E-06,+5.145728588105E+00,-80.402009189E-03
-3.695000E-06,+5.226130597294E+00,-80.402009189E-03
-3.690000E-06,+5.306532606481E+00,-160.804018378E-03
-3.685000E-06,+5.306532606483E+00,-160.804018378E-03
-3.680000E-06,+5.226130597294E+00,+0.0E+00
-3.675000E-06,+5.226130597292E+00,+0.0E+00
-3.670000E-06,+5.306532606481E+00,-160.804018377E-03
-3.665000E-06,+5.226130597295E+00,-80.402009188E-03
-3.660000E-06,+5.226130597293E+00,+0.0E+00
-3.655000E-06,+5.306532606483E+00,-80.402009189E-03
-3.650000E-06,+5.306532606483E+00,-1E-12
-3.645000E-06,+5.226130597293E+00,-1E-12
-3.640000E-06,+5.226130597294E+00,-80.402009188E-03
-3.635000E-06,+5.226130597293E+00,-1E-12
-3.630000E-06,+5.226130597294E+00,-80.402009188E-03
-3.625000E-06,+5.226130597294E+00,-80.402009188E-03
-3.620000E-06,+5.306532606483E+00,-80.402009190E-03
-3.615000E-06,+5.226130597294E+00,-1E-12
-3.610000E-06,+5.306532606483E+00,-80.402009189E-03
-3.605000E-06,+5.226130597293E+00,-80.402009190E-03
-3.600000E-06,+5.226130597292E+00,-80.402009188E-03
-3.595000E-06,+5.306532606483E+00,+0.0E+00
-3.590000E-06,+5.226130597293E+00,-80.402009189E-03
-3.585000E-06,+5.226130597293E+00,+0.0E+00
-3.580000E-06,+5.226130597294E+00,+0.0E+00
-3.575000E-06,+5.226130597293E+00,+0.0E+00
-3.570000E-06,+5.386934615671E+00,+0.0E+00
-3.565000E-06,+5.226130597293E+00,-2E-12
-3.560000E-06,+5.306532606483E+00,-80.402009189E-03
-3.555000E-06,+5.306532606481E+00,-1E-12
-3.550000E-06,+5.306532606483E+00,-160.804018377E-03
-3.545000E-06,+5.226130597295E+00,-1E-12
-3.540000E-06,+5.306532606483E+00,-1E-12
-3.535000E-06,+5.306532606483E+00,-1E-12
-3.530000E-06,+5.306532606481E+00,+0.0E+00
-3.525000E-06,+5.306532606483E+00,-80.402009190E-03
-3.520000E-06,+5.306532606481E+00,-80.402009188E-03
-3.515000E-06,+5.306532606483E+00,-1E-12
-3.510000E-06,+5.306532606481E+00,-160.804018376E-03
-3.505000E-06,+5.226130597295E+00,-1E-12
-3.500000E-06,+5.145728588105E+00,-80.402009189E-03
-3.495000E-06,+5.145728588107E+00,-80.402009189E-03
-3.490000E-06,+5.306532606481E+00,-80.402009188E-03
-3.485000E-06,+5.306532606483E+00,-2E-12
-3.480000E-06,+5.306532606481E+00,-80.402009188E-03
-3.475000E-06,+5.306532606483E+00,-80.402009189E-03
-3.470000E-06,+5.306532606481E+00,-80.402009189E-03
-3.465000E-06,+5.226130597295E+00,+0.0E+00
-3.460000E-06,+5.226130597295E+00,-80.402009190E-03
-3.455000E-06,+5.226130597295E+00,+0.0E+00
-3.450000E-06,+5.306532606481E+00,-80.402009189E-03
-3.445000E-06,+5.306532606483E+00,-1E-12
-3.440000E-06,+5.226130597295E+00,-80.402009189E-03
-3.435000E-06,+5.306532606483E+00,+0.0E+00
-3.430000E-06,+5.306532606483E+00,-80.402009189E-03
-3.425000E-06,+5.226130597293E+00,-1E-12
-3.420000E-06,+5.306532606483E+00,+0.0E+00
-3.415000E-06,+5.226130597295E+00,-80.402009189E-03
-3.410000E-06,+5.306532606483E+00,-80.402009188E-03
-3.405000E-06,+5.306532606483E+00,-160.804018377E-03
-3.400000E-06,+5.306532606480E+00,-80.402009188E-03
-3.395000E-06,+5.226130597295E+00,-80.402009189E-03
-3.390000E-06,+5.306532606483E+00,-160.804018376E-03
-3.385000E-06,+5.145728588107E+00,-1E-12
-3.380000E-06,+5.226130597295E+00,+0.0E+00
-3.375000E-06,+5.306532606481E+00,-1E-12
-3.370000E-06,+5.306532606483E+00,-1E-12
-3.365000E-06,+5.306532606483E+00,-80.402009190E-03
-3.360000E-06,+5.226130597293E+00,-80.402009188E-03
-3.355000E-06,+5.226130597292E+00,+80.402009187E-03
-3.350000E-06,+5.306532606483E+00,-160.804018376E-03
-3.345000E-06,+5.226130597295E+00,-1E-12
-3.340000E-06,+5.226130597293E+00,-1E-12
-3.335000E-06,+5.306532606481E+00,-1E-12
-3.330000E-06,+5.306532606483E+00,+80.402009187E-03
-3.325000E-06,+5.226130597295E+00,-160.804018378E-03
-3.320000E-06,+5.226130597295E+00,-80.402009189E-03
-3.315000E-06,+5.226130597295E+00,-80.402009189E-03
-3.310000E-06,+5.306532606481E+00,-160.804018377E-03
-3.305000E-06,+5.145728588106E+00,-1E-12
-3.300000E-06,+5.306532606483E+00,+0.0E+00
-3.295000E-06,+5.145728588106E+00,+0.0E+00
-3.290000E-06,+5.306532606481E+00,+0.0E+00
-3.285000E-06,+5.226130597295E+00,-1E-12
-3.280000E-06,+5.306532606481E+00,-80.402009186E-03
-3.275000E-06,+5.226130597293E+00,-1E-12
-3.270000E-06,+5.306532606481E+00,-80.402009188E-03
-3.265000E-06,+5.306532606483E+00,+0.0E+00
-3.260000E-06,+5.226130597295E+00,+0.0E+00
-3.255000E-06,+5.226130597295E+00,-1E-12
-3.250000E-06,+5.306532606483E+00,+0.0E+00
-3.245000E-06,+5.306532606483E+00,-1E-12
-3.240000E-06,+5.306532606481E+00,-1E-12
-3.235000E-06,+5.306532606483E+00,-80.402009189E-03
-3.230000E-06,+5.306532606481E+00,-160.804018376E-03
-3.225000E-06,+5.226130597295E+00,-1E-12
-3.220000E-06,+5.226130597295E+00,+0.0E+00
-3.215000E-06,+5.226130597293E+00,-80.402009189E-03
-3.210000E-06,+5.306532606481E+00,-80.402009189E-03
-3.205000E-06,+5.226130597295E+00,-160.804018377E-03
-3.200000E-06,+5.306532606481E+00,-80.402009188E-03
-3.195000E-06,+5.306532606481E+00,-80.402009189E-03
-3.190000E-06,+5.306532606483E+00,-80.402009188E-03
-3.185000E-06,+5.226130597296E+00,-80.402009188E-03
-3.180000E-06,+5.226130597295E+00,-80.402009188E-03
-3.175000E-06,+5.226130597295E+00,-1E-12
-3.170000E-06,+5.306532606483E+00,-160.804018377E-03
-3.165000E-06,+5.306532606483E+00,-80.402009189E-03
-3.160000E-06,+5.226130597293E+00,+0.0E+00
-3.155000E-06,+5.306532606483E+00,-1E-12
-3.150000E-06,+5.226130597293E+00,-80.402009188E-03
-3.145000E-06,+5.226130597295E+00,-1E-12
-3.140000E-06,+5.306532606481E+00,-80.402009189E-03
-3.135000E-06,+5.226130597293E+00,-1E-12
-3.130000E-06,+5.306532606483E+00,-80.402009189E-03
-3.125000E-06,+5.226130597293E+00,-80.402009191E-03
-3.120000E-06,+5.306532606481E+00,-80.402009189E-03
-3.115000E-06,+5.226130597293E+00,-80.402009189E-03
-3.110000E-06,+5.226130597293E+00,-80.402009188E-03
-3.105000E-06,+5.145728588107E+00,+0.0E+00
-3.100000E-06,+5.226130597295E+00,-1E-12
-3.095000E-06,+5.306532606483E+00,-1E-12
-3.090000E-06,+5.306532606483E+00,-80.402009189E-03
-3.085000E-06,+5.306532606483E+00,-1E-12
-3.080000E-06,+5.306532606481E+00,-160.804018375E-03
-3.075000E-06,+5.226130597295E+00,-80.402009189E-03
-3.070000E-06,+5.306532606483E+00,-160.804018375E-03
-3.065000E-06,+5.226130597295E+00,-80.402009189E-03
-3.060000E-06,+5.306532606481E+00,-80.402009191E-03
-3.055000E-06,+5.226130597295E+00,-1E-12
-3.050000E-06,+5.306532606483E+00,+80.402009188E-03
-3.045000E-06,+5.306532606481E+00,-80.402009189E-03
-3.040000E-06,+5.306532606481E+00,-80.402009188E-03
-3.035000E-06,+5.226130597295E+00,-80.402009188E-03
-3.030000E-06,+5.306532606480E+00,-80.402009188E-03
-3.025000E-06,+5.226130597295E+00,+0.0E+00
-3.020000E-06,+5.226130597293E+00,-2E-12
-3.015000E-06,+5.226130597295E+00,+0.0E+00
-3.010000E-06,+5.306532606483E+00,-2E-12
-3.005000E-06,+5.226130597293E+00,-2E-12
-3.000000E-06,+5.306532606481E+00,-80.402009188E-03
-2.995000E-06,+5.306532606481E+00,-80.402009189E-03
-2.990000E-06,+5.306532606481E+00,-80.402009188E-03
-2.985000E-06,+5.226130597295E+00,-80.402009189E-03
-2.980000E-06,+5.306532606481E+00,+0.0E+00
-2.975000E-06,+5.226130597295E+00,-2E-12
-2.970000E-06,+5.386934615670E+00,-80.402009189E-03
-2.965000E-06,+5.306532606483E+00,-2E-12
-2.960000E-06,+5.306532606479E+00,-80.402009188E-03
-2.955000E-06,+5.226130597295E+00,-2E-12
-2.950000E-06,+5.306532606479E+00,-80.402009189E-03
-2.945000E-06,+5.226130597295E+00,+0.0E+00
-2.940000E-06,+5.306532606481E+00,+0.0E+00
-2.935000E-06,+5.226130597295E+00,+0.0E+00
-2.930000E-06,+5.386934615670E+00,-2E-12
-2.925000E-06,+5.226130597295E+00,-2E-12
-2.920000E-06,+5.306532606481E+00,-80.402009186E-03
-2.915000E-06,+5.226130597293E+00,-80.402009188E-03
-2.910000E-06,+5.306532606483E+00,-80.402009189E-03
-2.905000E-06,+5.145728588107E+00,-80.402009189E-03
-2.900000E-06,+5.306532606483E+00,-80.402009189E-03
-2.895000E-06,+5.306532606481E+00,-80.402009189E-03
-2.890000E-06,+5.306532606481E+00,-80.402009189E-03
-2.885000E-06,+5.226130597295E+00,-160.804018378E-03
-2.880000E-06,+5.306532606483E+00,-160.804018377E-03
-2.875000E-06,+5.306532606481E+00,-2E-12
-2.870000E-06,+5.226130597293E+00,-80.402009187E-03
-2.865000E-06,+5.226130597295E+00,-80.402009189E-03
-2.860000E-06,+5.306532606483E+00,-80.402009189E-03
-2.855000E-06,+5.226130597293E+00,-80.402009189E-03
-2.850000E-06,+5.306532606481E+00,-2E-12
-2.845000E-06,+5.226130597295E+00,-80.402009189E-03
-2.840000E-06,+5.226130597293E+00,-80.402009187E-03
-2.835000E-06,+5.226130597293E+00,-2E-12
-2.830000E-06,+5.306532606481E+00,-80.402009187E-03
-2.825000E-06,+5.145728588108E+00,+0.0E+00
-2.820000E-06,+5.226130597293E+00,+0.0E+00
-2.815000E-06,+5.226130597293E+00,+80.402009187E-03
-2.810000E-06,+5.306532606483E+00,-80.402009187E-03
-2.805000E-06,+5.226130597295E+00,-80.402009189E-03
-2.800000E-06,+5.226130597292E+00,-80.402009187E-03
-2.795000E-06,+5.226130597293E+00,-80.402009187E-03
-2.790000E-06,+5.306532606481E+00,-80.402009187E-03
-2.785000E-06,+5.306532606481E+00,-2E-12
-2.780000E-06,+5.226130597295E+00,-2E-12
-2.775000E-06,+5.306532606481E+00,-80.402009189E-03
-2.770000E-06,+5.306532606481E+00,+0.0E+00
-2.765000E-06,+5.226130597293E+00,-3E-12
-2.760000E-06,+5.226130597293E+00,-2E-12
-2.755000E-06,+5.306532606483E+00,-80.402009189E-03
-2.750000E-06,+5.226130597293E+00,-80.402009187E-03
-2.745000E-06,+5.226130597295E+00,-80.402009189E-03
-2.740000E-06,+5.226130597293E+00,-3E-12
-2.735000E-06,+5.306532606483E+00,-2E-12
-2.730000E-06,+5.306532606481E+00,-80.402009187E-03
-2.725000E-06,+5.306532606483E+00,-80.402009191E-03
-2.720000E-06,+5.306532606483E+00,-80.402009187E-03
-2.715000E-06,+5.306532606483E+00,-2E-12
-2.710000E-06,+5.306532606481E+00,-80.402009189E-03
-2.705000E-06,+5.226130597297E+00,+0.0E+00
-2.700000E-06,+5.226130597295E+00,-80.402009189E-03
-2.695000E-06,+5.226130597293E+00,-2E-12
-2.690000E-06,+5.306532606479E+00,-80.402009187E-03
-2.685000E-06,+5.306532606483E+00,-80.402009191E-03
-2.680000E-06,+5.306532606481E+00,-80.402009187E-03
-2.675000E-06,+5.306532606481E+00,-80.402009187E-03
-2.670000E-06,+5.226130597293E+00,-80.402009187E-03
-2.665000E-06,+5.145728588106E+00,-2E-12
-2.660000E-06,+5.226130597295E+00,-2E-12
-2.655000E-06,+5.306532606483E+00,-2E-12
-2.650000E-06,+5.306532606481E+00,-2E-12
-2.645000E-06,+5.306532606483E+00,-80.402009189E-03
-2.640000E-06,+5.226130597293E+00,-80.402009189E-03
-2.635000E-06,+5.306532606481E+00,-2E-12
-2.630000E-06,+5.226130597293E+00,-160.804018376E-03
-2.625000E-06,+5.226130597295E+00,-80.402009189E-03
-2.620000E-06,+5.226130597293E+00,-80.402009189E-03
-2.615000E-06,+5.226130597295E+00,-80.402009189E-03
-2.610000E-06,+5.306532606481E+00,-80.402009189E-03
-2.605000E-06,+5.306532606481E+00,-80.402009191E-03
-2.600000E-06,+5.306532606483E+00,-80.402009189E-03
-2.595000E-06,+5.226130597295E+00,-80.402009189E-03
-2.590000E-06,+5.306532606481E+00,-80.402009189E-03
-2.585000E-06,+5.226130597295E+00,-2E-12
-2.580000E-06,+5.226130597295E+00,+0.0E+00
-2.575000E-06,+5.145728588106E+00,-2E-12
-2.570000E-06,+5.386934615670E+00,-80.402009187E-03
-2.565000E-06,+5.226130597295E+00,-80.402009189E-03
-2.560000E-06,+5.226130597292E+00,+0.0E+00
-2.555000E-06,+5.226130597295E+00,-80.402009189E-03
-2.550000E-06,+5.306532606481E+00,-80.402009187E-03
-2.545000E-06,+5.226130597295E+00,-2E-12
-2.540000E-06,+5.226130597293E+00,-80.402009191E-03
-2.535000E-06,+5.226130597295E+00,-80.402009189E-03
-2.530000E-06,+5.306532606483E+00,-80.402009189E-03
-2.525000E-06,+5.226130597295E+00,-2E-12
-2.520000E-06,+5.306532606479E+00,-160.804018374E-03
-2.515000E-06,+5.306532606483E+00,+0.0E+00
-2.510000E-06,+5.226130597293E+00,-160.804018376E-03
-2.505000E-06,+4.984924569730E+00,+0.0E+00
-2.500000E-06,+4.341708496221E+00,-80.402009191E-03
-2.495000E-06,+3.537688404327E+00,-80.402009189E-03
-2.490000E-06,+2.653266303247E+00,-80.402009189E-03
-2.485000E-06,+2.010050229732E+00,-160.804018378E-03
-2.480000E-06,+1.447236165406E+00,-2E-12
-2.475000E-06,+884.422101082E-03,+0.0E+00
-2.470000E-06,+562.814064324E-03,+80.402009191E-03
-2.465000E-06,+402.010045948E-03,+321.608036755E-03
-2.460000E-06,+321.608036758E-03,+482.412055133E-03
-2.455000E-06,+321.608036757E-03,+643.216073511E-03
-2.450000E-06,+321.608036757E-03,+804.020091889E-03
-2.445000E-06,+241.206027567E-03,+964.824110268E-03
-2.440000E-06,+241.206027567E-03,+1.045226119461E+00
-2.435000E-06,+241.206027565E-03,+1.366834156213E+00
-2.430000E-06,+241.206027565E-03,+1.447236165406E+00
-2.425000E-06,+80.402009193E-03,+1.688442192972E+00
-2.420000E-06,+160.804018378E-03,+1.849246211350E+00
-2.415000E-06,+160.804018378E-03,+2.090452238913E+00
-2.410000E-06,+160.804018376E-03,+2.170854248106E+00
-2.405000E-06,+160.804018378E-03,+2.331658266485E+00
-2.400000E-06,+80.402009189E-03,+2.492462284863E+00
-2.395000E-06,+160.804018376E-03,+2.653266303241E+00
-2.390000E-06,+160.804018376E-03,+2.733668312432E+00
-2.385000E-06,+4E-12,+2.974874339996E+00
-2.380000E-06,+80.402009189E-03,+3.135678358374E+00
-2.375000E-06,+80.402009187E-03,+3.216080367565E+00
-2.370000E-06,+160.804018376E-03,+3.376884385943E+00
-2.365000E-06,+80.402009191E-03,+3.457286395133E+00
-2.360000E-06,+80.402009189E-03,+3.537688404324E+00
-2.355000E-06,+160.804018376E-03,+3.698492422700E+00
-2.350000E-06,+160.804018376E-03,+3.778894431891E+00
-2.345000E-06,+2E-12,+3.859296441078E+00
-2.340000E-06,+80.402009189E-03,+3.939698450267E+00
-2.335000E-06,+80.402009187E-03,+4.020100459456E+00
-2.330000E-06,+160.804018378E-03,+4.100502468646E+00
-2.325000E-06,+80.402009189E-03,+4.180904477833E+00
-2.320000E-06,+80.402009189E-03,+4.180904477837E+00
-2.315000E-06,+80.402009187E-03,+4.261306487026E+00
-2.310000E-06,+80.402009189E-03,+4.261306487026E+00
-2.305000E-06,+4E-12,+4.341708496213E+00
-2.300000E-06,+80.402009189E-03,+4.422110505402E+00
-2.295000E-06,+80.402009191E-03,+4.502512514589E+00
-2.290000E-06,+160.804018376E-03,+4.502512514591E+00
-2.285000E-06,+80.402009191E-03,+4.582914523778E+00
-2.280000E-06,+80.402009189E-03,+4.582914523780E+00
-2.275000E-06,+160.804018376E-03,+4.582914523782E+00
-2.270000E-06,+160.804018376E-03,+4.582914523782E+00
-2.265000E-06,+4E-12,+4.743718542157E+00
-2.260000E-06,+80.402009191E-03,+4.743718542157E+00
-2.255000E-06,+80.402009189E-03,+4.743718542154E+00
-2.250000E-06,+160.804018378E-03,+4.743718542161E+00
-2.245000E-06,+80.402009191E-03,+4.743718542159E+00
-2.240000E-06,+80.402009187E-03,+4.824120551348E+00
-2.235000E-06,+80.402009189E-03,+4.824120551348E+00
-2.230000E-06,+80.402009189E-03,+4.743718542161E+00
-2.225000E-06,+2E-12,+4.824120551348E+00
-2.220000E-06,+80.402009189E-03,+4.743718542159E+00
-2.215000E-06,+80.402009189E-03,+4.824120551348E+00
-2.210000E-06,+80.402009189E-03,+4.824120551348E+00
-2.205000E-06,+80.402009191E-03,+4.824120551348E+00
-2.200000E-06,+80.402009189E-03,+4.824120551348E+00
-2.195000E-06,+80.402009189E-03,+4.904522560537E+00
-2.190000E-06,+80.402009191E-03,+4.824120551350E+00
-2.185000E-06,+160.804018378E-03,+4.904522560537E+00
-2.180000E-06,+4E-12,+4.904522560537E+00
-2.175000E-06,+80.402009187E-03,+4.824120551348E+00
-2.170000E-06,+160.804018376E-03,+4.824120551348E+00
-2.165000E-06,+80.402009189E-03,+4.904522560535E+00
-2.160000E-06,+80.402009187E-03,+4.824120551348E+00
-2.155000E-06,+80.402009189E-03,+4.824120551348E+00
-2.150000E-06,+80.402009189E-03,+4.824120551350E+00
-2.145000E-06,+2E-12,+4.904522560535E+00
-2.140000E-06,+80.402009187E-03,+4.904522560537E+00
-2.135000E-06,+80.402009189E-03,+4.904522560535E+00
-2.130000E-06,+160.804018376E-03,+4.904522560537E+00
-2.125000E-06,+80.402009191E-03,+4.904522560535E+00
-2.120000E-06,+2E-12,+4.824120551350E+00
-2.115000E-06,+80.402009187E-03,+4.904522560537E+00
-2.110000E-06,+80.402009189E-03,+4.824120551350E+00
-2.105000E-06,+2E-12,+4.904522560535E+00
-2.100000E-06,+0.0E+00,+4.904522560537E+00
-2.095000E-06,+80.402009189E-03,+4.984924569724E+00
-2.090000E-06,+80.402009189E-03,+4.824120551350E+00
-2.085000E-06,+160.804018376E-03,+4.904522560532E+00
-2.080000E-06,+80.402009189E-03,+4.824120551350E+00
-2.075000E-06,+2E-12,+4.904522560537E+00
-2.070000E-06,+80.402009189E-03,+4.824120551350E+00
-2.065000E-06,+2E-12,+4.904522560535E+00
-2.060000E-06,+0.0E+00,+4.824120551350E+00
-2.055000E-06,+80.402009189E-03,+4.904522560537E+00
-2.050000E-06,+80.402009189E-03,+4.904522560539E+00
-2.045000E-06,+80.402009189E-03,+4.984924569721E+00
-2.040000E-06,+80.402009187E-03,+4.904522560537E+00
-2.035000E-06,+80.402009189E-03,+4.904522560537E+00
-2.030000E-06,+160.804018378E-03,+4.824120551350E+00
-2.025000E-06,+80.402009191E-03,+4.904522560537E+00
-2.020000E-06,+5E-12,+4.904522560537E+00
-2.015000E-06,+160.804018376E-03,+4.904522560535E+00
-2.010000E-06,+160.804018374E-03,+4.904522560537E+00
-2.005000E-06,+80.402009189E-03,+4.904522560535E+00
-2.000000E-06,+80.402009187E-03,+4.824120551350E+00
-1.995000E-06,+160.804018376E-03,+4.904522560539E+00
-1.990000E-06,+80.402009191E-03,+4.824120551350E+00
-1.985000E-06,+2E-12,+4.904522560537E+00
-1.980000E-06,+5E-12,+4.904522560537E+00
-1.975000E-06,+80.402009189E-03,+4.904522560537E+00
-1.970000E-06,+80.402009189E-03,+4.904522560537E+00
-1.965000E-06,+80.402009189E-03,+4.904522560535E+00
-1.960000E-06,+80.402009187E-03,+4.824120551350E+00
-1.955000E-06,+160.804018376E-03,+4.904522560539E+00
-1.950000E-06,+80.402009189E-03,+4.904522560539E+00
-1.945000E-06,+80.402009189E-03,+4.984924569724E+00
-1.940000E-06,+80.402009189E-03,+4.904522560537E+00
-1.935000E-06,+80.402009187E-03,+4.904522560537E+00
-1.930000E-06,+160.804018376E-03,+4.904522560535E+00
-1.925000E-06,+80.402009189E-03,+4.904522560535E+00
-1.920000E-06,+80.402009189E-03,+4.824120551350E+00
-1.915000E-06,+80.402009189E-03,+4.824120551350E+00
-1.910000E-06,+80.402009189E-03,+4.824120551350E+00
-1.905000E-06,+2E-12,+4.904522560537E+00
-1.900000E-06,+2E-12,+4.904522560537E+00
-1.895000E-06,+80.402009189E-03,+4.904522560537E+00
-1.890000E-06,+160.804018376E-03,+4.904522560537E+00
-1.885000E-06,+2E-12,+4.904522560534E+00
-1.880000E-06,+0.0E+00,+4.904522560539E+00
-1.875000E-06,+80.402009189E-03,+4.904522560537E+00
-1.870000E-06,+80.402009192E-03,+4.824120551350E+00
-1.865000E-06,+2E-12,+4.904522560539E+00
-1.860000E-06,+2E-12,+4.904522560537E+00
-1.855000E-06,+80.402009189E-03,+4.904522560537E+00
-1.850000E-06,+80.402009192E-03,+4.984924569724E+00
-1.845000E-06,+80.402009192E-03,+4.904522560534E+00
-1.840000E-06,+2E-12,+4.904522560539E+00
-1.835000E-06,+80.402009187E-03,+4.904522560539E+00
-1.830000E-06,+80.402009189E-03,+4.824120551353E+00
-1.825000E-06,+5E-12,+4.904522560537E+00
-1.820000E-06,+80.402009187E-03,+4.904522560537E+00
-1.815000E-06,+80.402009189E-03,+4.904522560537E+00
-1.810000E-06,+80.402009189E-03,+4.904522560537E+00
-1.805000E-06,+80.402009189E-03,+4.904522560534E+00
-1.800000E-06,+80.402009187E-03,+4.904522560537E+00
-1.795000E-06,+80.402009189E-03,+4.904522560539E+00
-1.790000E-06,+80.402009189E-03,+4.824120551353E+00
-1.785000E-06,+5E-12,+4.824120551350E+00
-1.780000E-06,+80.402009189E-03,+4.904522560537E+00
-1.775000E-06,+80.402009187E-03,+4.984924569721E+00
-1.770000E-06,+160.804018376E-03,+4.904522560539E+00
-1.765000E-06,+80.402009189E-03,+4.904522560534E+00
-1.760000E-06,+80.402009187E-03,+4.824120551353E+00
-1.755000E-06,+80.402009187E-03,+4.904522560537E+00
-1.750000E-06,+80.402009189E-03,+4.904522560539E+00
-1.745000E-06,+80.402009189E-03,+4.984924569724E+00
-1.740000E-06,+80.402009189E-03,+4.904522560537E+00
-1.735000E-06,+80.402009189E-03,+4.904522560537E+00
-1.730000E-06,+160.804018376E-03,+4.904522560537E+00
-1.725000E-06,+160.804018376E-03,+4.904522560534E+00
-1.720000E-06,+80.402009187E-03,+4.904522560537E+00
-1.715000E-06,+80.402009189E-03,+4.904522560537E+00
-1.710000E-06,+80.402009189E-03,+4.904522560539E+00
-1.705000E-06,+80.402009192E-03,+4.904522560537E+00
-1.700000E-06,+80.402009189E-03,+4.984924569723E+00
-1.695000E-06,+80.402009189E-03,+4.904522560537E+00
-1.690000E-06,+160.804018376E-03,+4.904522560539E+00
-1.685000E-06,+80.402009189E-03,+4.904522560534E+00
-1.680000E-06,+80.402009187E-03,+4.904522560539E+00
-1.675000E-06,+80.402009189E-03,+4.984924569723E+00
-1.670000E-06,+80.402009189E-03,+4.824120551353E+00
-1.665000E-06,+5E-12,+4.904522560537E+00
-1.660000E-06,+0.0E+00,+4.904522560537E+00
-1.655000E-06,+80.402009189E-03,+4.984924569723E+00
-1.650000E-06,+160.804018376E-03,+4.904522560539E+00
-1.645000E-06,+80.402009192E-03,+4.904522560534E+00
-1.640000E-06,+80.402009189E-03,+4.904522560537E+00
-1.635000E-06,+160.804018376E-03,+4.984924569723E+00
-1.630000E-06,+160.804018376E-03,+4.824120551353E+00
-1.625000E-06,+3E-12,+4.904522560537E+00
-1.620000E-06,+80.402009189E-03,+4.904522560537E+00
-1.615000E-06,+80.402009189E-03,+4.984924569723E+00
-1.610000E-06,+160.804018376E-03,+4.904522560537E+00
-1.605000E-06,+80.402009189E-03,+4.904522560534E+00
-1.600000E-06,+80.402009189E-03,+4.904522560537E+00
-1.595000E-06,+80.402009187E-03,+4.904522560537E+00
-1.590000E-06,+80.402009189E-03,+4.824120551353E+00
-1.585000E-06,+5E-12,+4.984924569723E+00
-1.580000E-06,+3E-12,+4.984924569721E+00
-1.575000E-06,+80.402009189E-03,+4.984924569726E+00
-1.570000E-06,+80.402009189E-03,+4.904522560537E+00
-1.565000E-06,+80.402009189E-03,+4.904522560534E+00
-1.560000E-06,+3E-12,+4.904522560537E+00
-1.555000E-06,+80.402009189E-03,+4.904522560537E+00
-1.550000E-06,+80.402009189E-03,+4.824120551350E+00
-1.545000E-06,+5E-12,+4.984924569723E+00
-1.540000E-06,+80.402009186E-03,+4.984924569726E+00
-1.535000E-06,+80.402009189E-03,+4.904522560539E+00
-1.530000E-06,+80.402009192E-03,+4.904522560537E+00
-1.525000E-06,+80.402009189E-03,+4.904522560534E+00
-1.520000E-06,+80.402009186E-03,+4.904522560537E+00
-1.515000E-06,+80.402009186E-03,+4.904522560537E+00
-1.510000E-06,+80.402009189E-03,+4.824120551350E+00
-1.505000E-06,+3E-12,+4.904522560537E+00
-1.500000E-06,+80.402009189E-03,+4.904522560537E+00
-1.495000E-06,+80.402009189E-03,+4.904522560534E+00
-1.490000E-06,+160.804018376E-03,+4.904522560537E+00
-1.485000E-06,+3E-12,+4.904522560534E+00
-1.480000E-06,+0.0E+00,+4.904522560537E+00
-1.475000E-06,+80.402009186E-03,+4.904522560534E+00
-1.470000E-06,+80.402009189E-03,+4.824120551350E+00
-1.465000E-06,+80.402009189E-03,+4.904522560537E+00
-1.460000E-06,+80.402009189E-03,+4.904522560534E+00
-1.455000E-06,+80.402009189E-03,+4.904522560537E+00
-1.450000E-06,+160.804018376E-03,+4.984924569726E+00
-1.445000E-06,+80.402009189E-03,+4.824120551348E+00
-1.440000E-06,+80.402009186E-03,+4.904522560537E+00
-1.435000E-06,+80.402009189E-03,+4.904522560537E+00
-1.430000E-06,+80.402009192E-03,+4.824120551353E+00
-1.425000E-06,+3E-12,+4.904522560537E+00
-1.420000E-06,+3E-12,+4.904522560537E+00
-1.415000E-06,+80.402009189E-03,+4.904522560537E+00
-1.410000E-06,+160.804018376E-03,+4.824120551350E+00
-1.405000E-06,+3E-12,+4.904522560534E+00
-1.400000E-06,+0.0E+00,+4.904522560537E+00
-1.395000E-06,+160.804018375E-03,+4.904522560537E+00
-1.390000E-06,+80.402009189E-03,+4.824120551351E+00
-1.385000E-06,+3E-12,+4.904522560534E+00
-1.380000E-06,+6E-12,+4.984924569723E+00
-1.375000E-06,+80.402009186E-03,+4.984924569723E+00
-1.370000E-06,+160.804018375E-03,+4.904522560537E+00
-1.365000E-06,+80.402009192E-03,+4.904522560534E+00
-1.360000E-06,+80.402009186E-03,+4.824120551351E+00
-1.355000E-06,+80.402009186E-03,+4.904522560537E+00
-1.350000E-06,+160.804018375E-03,+4.824120551351E+00
-1.345000E-06,+80.402009192E-03,+4.904522560537E+00
-1.340000E-06,+3E-12,+4.904522560537E+00
-1.335000E-06,+80.402009189E-03,+4.984924569723E+00
-1.330000E-06,+160.804018375E-03,+4.904522560540E+00
-1.325000E-06,+80.402009189E-03,+4.984924569720E+00
-1.320000E-06,+3E-12,+4.904522560537E+00
-1.315000E-06,+80.402009189E-03,+4.904522560537E+00
-1.310000E-06,+80.402009189E-03,+4.904522560537E+00
-1.305000E-06,+6E-12,+4.984924569723E+00
-1.300000E-06,+80.402009192E-03,+4.904522560537E+00
-1.295000E-06,+80.402009189E-03,+5.065326578909E+00
-1.290000E-06,+160.804018375E-03,+4.904522560537E+00
-1.285000E-06,+80.402009189E-03,+4.824120551348E+00
-1.280000E-06,+80.402009189E-03,+4.824120551351E+00
-1.275000E-06,+80.402009186E-03,+4.904522560537E+00
-1.270000E-06,+80.402009189E-03,+4.824120551351E+00
-1.265000E-06,+6E-12,+4.984924569723E+00
-1.260000E-06,+6E-12,+4.904522560537E+00
-1.255000E-06,+80.402009189E-03,+4.984924569723E+00
-1.250000E-06,+160.804018375E-03,+4.904522560540E+00
-1.245000E-06,+80.402009189E-03,+4.904522560534E+00
-1.240000E-06,+80.402009186E-03,+4.904522560540E+00
-1.235000E-06,+160.804018373E-03,+4.904522560537E+00
-1.230000E-06,+80.402009189E-03,+4.824120551354E+00
-1.225000E-06,+80.402009189E-03,+4.984924569723E+00
-1.220000E-06,+80.402009186E-03,+4.984924569723E+00
-1.215000E-06,+80.402009186E-03,+4.904522560534E+00
-1.210000E-06,+160.804018375E-03,+4.904522560537E+00
-1.205000E-06,+80.402009192E-03,+4.904522560534E+00
-1.200000E-06,+0.0E+00,+4.904522560537E+00
-1.195000E-06,+80.402009189E-03,+4.984924569723E+00
-1.190000E-06,+160.804018375E-03,+4.824120551351E+00
-1.185000E-06,+6E-12,+4.904522560537E+00
-1.180000E-06,+3E-12,+4.984924569723E+00
-1.175000E-06,+80.402009189E-03,+4.904522560537E+00
-1.170000E-06,+80.402009189E-03,+4.904522560537E+00
-1.165000E-06,+80.402009189E-03,+4.904522560534E+00
-1.160000E-06,+80.402009189E-03,+4.824120551351E+00
-1.155000E-06,+80.402009186E-03,+4.904522560540E+00
-1.150000E-06,+80.402009186E-03,+4.824120551351E+00
-1.145000E-06,+80.402009192E-03,+4.984924569723E+00
-1.140000E-06,+3E-12,+4.904522560537E+00
-1.135000E-06,+80.402009192E-03,+4.904522560537E+00
-1.130000E-06,+160.804018375E-03,+4.904522560540E+00
-1.125000E-06,+3E-12,+4.904522560534E+00
-1.120000E-06,+80.402009189E-03,+4.904522560537E+00
-1.115000E-06,+80.402009186E-03,+4.984924569723E+00
-1.110000E-06,+160.804018375E-03,+4.904522560540E+00
-1.105000E-06,+3E-12,+4.984924569723E+00
-1.100000E-06,+80.402009189E-03,+4.824120551348E+00
-1.095000E-06,+80.402009189E-03,+4.904522560540E+00
-1.090000E-06,+160.804018375E-03,+4.904522560537E+00
-1.085000E-06,+80.402009189E-03,+4.984924569720E+00
-1.080000E-06,+80.402009186E-03,+4.824120551348E+00
-1.075000E-06,+80.402009186E-03,+4.904522560534E+00
-1.070000E-06,+80.402009189E-03,+4.824120551351E+00
-1.065000E-06,+3E-12,+4.904522560534E+00
-1.060000E-06,+80.402009189E-03,+4.904522560534E+00
-1.055000E-06,+80.402009186E-03,+4.984924569723E+00
-1.050000E-06,+80.402009189E-03,+4.904522560537E+00
-1.045000E-06,+80.402009189E-03,+4.904522560534E+00
-1.040000E-06,+80.402009183E-03,+4.904522560537E+00
-1.035000E-06,+80.402009186E-03,+4.984924569726E+00
-1.030000E-06,+80.402009186E-03,+4.824120551354E+00
-1.025000E-06,+6E-12,+4.984924569723E+00
-1.020000E-06,+3E-12,+4.904522560537E+00
-1.015000E-06,+80.402009189E-03,+4.904522560537E+00
-1.010000E-06,+80.402009186E-03,+4.904522560537E+00
-1.005000E-06,+80.402009189E-03,+4.904522560534E+00
-1.000000E-06,+80.402009186E-03,+4.984924569723E+00
-995.000E-09,+80.402009189E-03,+4.904522560537E+00
-990.000E-09,+80.402009189E-03,+4.824120551351E+00
-985.000E-09,+80.402009192E-03,+4.904522560537E+00
-980.000E-09,+80.402009189E-03,+4.904522560534E+00
-975.000E-09,+80.402009189E-03,+4.904522560537E+00
-970.000E-09,+160.804018375E-03,+4.904522560537E+00
-965.000E-09,+80.402009189E-03,+4.904522560534E+00
-960.000E-09,+80.402009186E-03,+4.904522560540E+00
-955.000E-09,+80.402009186E-03,+4.904522560537E+00
-950.000E-09,+80.402009189E-03,+4.824120551351E+00
-945.000E-09,+80.402009192E-03,+4.904522560537E+00
-940.000E-09,+6E-12,+4.904522560537E+00
-935.000E-09,+80.402009189E-03,+4.984924569723E+00
-930.000E-09,+80.402009189E-03,+4.904522560537E+00
-925.000E-09,+3E-12,+4.904522560534E+00
-920.000E-09,+0.0E+00,+4.824120551351E+00
-915.000E-09,+80.402009186E-03,+4.904522560537E+00
-910.000E-09,+80.402009189E-03,+4.824120551351E+00
-905.000E-09,+3E-12,+4.984924569723E+00
-900.000E-09,+80.402009189E-03,+4.984924569723E+00
-895.000E-09,+80.402009186E-03,+4.904522560537E+00
-890.000E-09,+80.402009186E-03,+4.904522560540E+00
-885.000E-09,+80.402009189E-03,+4.904522560534E+00
-880.000E-09,+80.402009186E-03,+4.984924569726E+00
-875.000E-09,+80.402009186E-03,+4.904522560537E+00
-870.000E-09,+80.402009189E-03,+4.824120551354E+00
-865.000E-09,+6E-12,+4.984924569723E+00
-860.000E-09,+3E-12,+4.984924569723E+00
-855.000E-09,+80.402009186E-03,+4.904522560537E+00
-850.000E-09,+160.804018375E-03,+4.904522560537E+00
-845.000E-09,+80.402009189E-03,+4.904522560534E+00
-840.000E-09,+80.402009189E-03,+4.824120551351E+00
-835.000E-09,+80.402009189E-03,+4.904522560540E+00
-830.000E-09,+80.402009186E-03,+4.824120551351E+00
-825.000E-09,+3E-12,+4.984924569723E+00
-820.000E-09,+3E-12,+4.904522560537E+00
-815.000E-09,+80.402009189E-03,+4.984924569723E+00
-810.000E-09,+160.804018375E-03,+4.904522560537E+00
-805.000E-09,+6E-12,+4.904522560537E+00
-800.000E-09,+80.402009186E-03,+4.904522560537E+00
-795.000E-09,+0.0E+00,+4.904522560537E+00
-790.000E-09,+80.402009192E-03,+4.824120551354E+00
-785.000E-09,+80.402009189E-03,+4.984924569726E+00
-780.000E-09,+80.402009186E-03,+4.904522560537E+00
-775.000E-09,+80.402009189E-03,+4.984924569723E+00
-770.000E-09,+80.402009189E-03,+4.904522560537E+00
-765.000E-09,+80.402009192E-03,+4.984924569720E+00
-760.000E-09,+80.402009189E-03,+4.904522560537E+00
-755.000E-09,+80.402009186E-03,+4.904522560537E+00
-750.000E-09,+80.402009189E-03,+4.824120551351E+00
-745.000E-09,+10E-12,+4.904522560537E+00
-740.000E-09,+3E-12,+4.904522560537E+00
-735.000E-09,+80.402009189E-03,+4.904522560537E+00
-730.000E-09,+80.402009189E-03,+4.904522560537E+00
-725.000E-09,+3E-12,+4.904522560534E+00
-720.000E-09,+80.402009186E-03,+4.904522560537E+00
-715.000E-09,+80.402009189E-03,+4.904522560537E+00
-710.000E-09,+160.804018375E-03,+4.824120551351E+00
-705.000E-09,+3E-12,+4.904522560537E+00
-700.000E-09,+80.402009189E-03,+4.904522560537E+00
-695.000E-09,+80.402009189E-03,+4.904522560540E+00
-690.000E-09,+160.804018375E-03,+4.984924569726E+00
-685.000E-09,+80.402009189E-03,+4.904522560534E+00
-680.000E-09,+80.402009189E-03,+4.904522560540E+00
-675.000E-09,+80.402009186E-03,+4.984924569723E+00
-670.000E-09,+80.402009189E-03,+4.824120551348E+00
-665.000E-09,+3E-12,+4.824120551351E+00
-660.000E-09,+3E-12,+4.904522560534E+00
-655.000E-09,+80.402009189E-03,+4.904522560537E+00
-650.000E-09,+80.402009189E-03,+4.904522560537E+00
-645.000E-09,+3E-12,+4.904522560534E+00
-640.000E-09,+80.402009189E-03,+4.904522560537E+00
-635.000E-09,+80.402009189E-03,+4.904522560537E+00
-630.000E-09,+80.402009189E-03,+4.824120551354E+00
-625.000E-09,+3E-12,+4.984924569723E+00
-620.000E-09,+80.402009189E-03,+4.904522560537E+00
-615.000E-09,+160.804018375E-03,+4.984924569723E+00
-610.000E-09,+80.402009186E-03,+4.904522560537E+00
-605.000E-09,+3E-12,+4.904522560534E+00
-600.000E-09,+0.0E+00,+4.904522560540E+00
-595.000E-09,+80.402009186E-03,+4.904522560537E+00
-590.000E-09,+160.804018378E-03,+4.824120551354E+00
-585.000E-09,+3E-12,+4.904522560537E+00
-580.000E-09,+0.0E+00,+4.904522560537E+00
-575.000E-09,+0.0E+00,+4.904522560537E+00
-570.000E-09,+160.804018372E-03,+4.824120551348E+00
-565.000E-09,+80.402009189E-03,+4.904522560537E+00
-560.000E-09,+80.402009186E-03,+4.824120551351E+00
-555.000E-09,+80.402009189E-03,+4.904522560537E+00
-550.000E-09,+80.402009186E-03,+4.904522560537E+00
-545.000E-09,+3E-12,+4.904522560537E+00
-540.000E-09,+80.402009189E-03,+4.904522560540E+00
-535.000E-09,+3E-12,+4.984924569726E+00
-530.000E-09,+160.804018375E-03,+4.904522560537E+00
-525.000E-09,+80.402009189E-03,+4.904522560533E+00
-520.000E-09,+80.402009186E-03,+4.904522560537E+00
-515.000E-09,+160.804018375E-03,+4.904522560537E+00
-510.000E-09,+80.402009193E-03,+4.824120551355E+00
-505.000E-09,+80.402009189E-03,+4.904522560537E+00
-500.000E-09,+3E-12,+4.904522560537E+00
-495.000E-09,+0.0E+00,+4.904522560537E+00
-490.000E-09,+80.402009189E-03,+4.904522560537E+00
-485.000E-09,+80.402009189E-03,+4.904522560533E+00
-480.000E-09,+160.804018371E-03,+4.904522560537E+00
-475.000E-09,+80.402009189E-03,+4.904522560537E+00
-470.000E-09,+80.402009189E-03,+4.824120551351E+00
-465.000E-09,+7E-12,+4.904522560533E+00
-460.000E-09,+3E-12,+4.824120551351E+00
-455.000E-09,+80.402009186E-03,+4.984924569723E+00
-450.000E-09,+80.402009189E-03,+4.904522560537E+00
-445.000E-09,+80.402009189E-03,+4.984924569719E+00
-440.000E-09,+80.402009186E-03,+4.984924569726E+00
-435.000E-09,+0.0E+00,+4.904522560537E+00
-430.000E-09,+80.402009189E-03,+4.824120551351E+00
-425.000E-09,+7E-12,+4.904522560537E+00
-420.000E-09,+3E-12,+4.904522560537E+00
-415.000E-09,+80.402009186E-03,+4.904522560537E+00
-410.000E-09,+160.804018375E-03,+4.904522560537E+00
-405.000E-09,+3E-12,+4.904522560533E+00
-400.000E-09,+0.0E+00,+4.904522560537E+00
-395.000E-09,+80.402009186E-03,+4.904522560537E+00
-390.000E-09,+80.402009189E-03,+4.824120551351E+00
-385.000E-09,+3E-12,+4.904522560537E+00
-380.000E-09,+3E-12,+4.824120551351E+00
-375.000E-09,+80.402009189E-03,+4.904522560537E+00
-370.000E-09,+160.804018375E-03,+4.904522560537E+00
-365.000E-09,+80.402009189E-03,+4.904522560533E+00
-360.000E-09,+0.0E+00,+4.904522560537E+00
-355.000E-09,+80.402009189E-03,+4.904522560537E+00
-350.000E-09,+80.402009189E-03,+4.824120551351E+00
-345.000E-09,+3E-12,+4.904522560537E+00
-340.000E-09,+3E-12,+4.904522560537E+00
-335.000E-09,+80.402009189E-03,+4.904522560537E+00
-330.000E-09,+80.402009193E-03,+4.904522560537E+00
-325.000E-09,+80.402009189E-03,+4.904522560533E+00
-320.000E-09,+80.402009189E-03,+4.824120551351E+00
-315.000E-09,+80.402009186E-03,+4.904522560537E+00
-310.000E-09,+80.402009189E-03,+4.824120551351E+00
-305.000E-09,+7E-12,+4.904522560537E+00
-300.000E-09,+80.402009189E-03,+4.904522560537E+00
-295.000E-09,+80.402009189E-03,+4.904522560537E+00
-290.000E-09,+80.402009189E-03,+4.904522560537E+00
-285.000E-09,+160.804018375E-03,+4.904522560533E+00
-280.000E-09,+80.402009189E-03,+4.904522560537E+00
-275.000E-09,+80.402009186E-03,+4.904522560533E+00
-270.000E-09,+3E-12,+4.824120551351E+00
-265.000E-09,+80.402009193E-03,+4.904522560537E+00
-260.000E-09,+80.402009186E-03,+4.904522560537E+00
-255.000E-09,+80.402009189E-03,+4.904522560537E+00
-250.000E-09,+160.804018375E-03,+4.904522560537E+00
-245.000E-09,+3E-12,+4.904522560533E+00
-240.000E-09,+80.402009186E-03,+4.904522560537E+00
-235.000E-09,+80.402009189E-03,+4.904522560537E+00
-230.000E-09,+160.804018375E-03,+4.824120551351E+00
-225.000E-09,+3E-12,+4.904522560537E+00
-220.000E-09,+0.0E+00,+4.904522560537E+00
-215.000E-09,+80.402009189E-03,+4.904522560537E+00
-210.000E-09,+160.804018371E-03,+4.984924569723E+00
-205.000E-09,+160.804018378E-03,+4.904522560537E+00
-200.000E-09,+80.402009186E-03,+4.904522560540E+00
-195.000E-09,+80.402009189E-03,+5.065326578908E+00
-190.000E-09,+160.804018375E-03,+4.904522560540E+00
-185.000E-09,+7E-12,+4.904522560540E+00
-180.000E-09,+80.402009189E-03,+4.904522560537E+00
-175.000E-09,+80.402009189E-03,+4.904522560537E+00
-170.000E-09,+160.804018375E-03,+4.904522560537E+00
-165.000E-09,+80.402009189E-03,+4.904522560533E+00
-160.000E-09,+80.402009189E-03,+4.904522560540E+00
-155.000E-09,+80.402009186E-03,+4.904522560537E+00
-150.000E-09,+160.804018375E-03,+4.824120551351E+00
-145.000E-09,+0.0E+00,+4.904522560537E+00
-140.000E-09,+3E-12,+4.904522560537E+00
-135.000E-09,+80.402009189E-03,+4.904522560537E+00
-130.000E-09,+3E-12,+4.904522560537E+00
-125.000E-09,+80.402009189E-03,+4.824120551348E+00
-120.000E-09,+80.402009189E-03,+4.824120551351E+00
-115.000E-09,+80.402009186E-03,+4.904522560533E+00
-110.000E-09,+80.402009189E-03,+4.824120551351E+00
-105.000E-09,+80.402009193E-03,+4.904522560533E+00
-100.000E-09,+3E-12,+4.904522560533E+00
-95.000E-09,+80.402009189E-03,+4.984924569723E+00
-90.000E-09,+80.402009189E-03,+4.904522560537E+00
-85.000E-09,+80.402009189E-03,+4.904522560533E+00
-80.000E-09,+80.402009189E-03,+4.904522560537E+00
-75.000E-09,+80.402009189E-03,+4.904522560540E+00
-70.000E-09,+80.402009189E-03,+4.824120551355E+00
-65.000E-09,+80.402009189E-03,+4.904522560540E+00
-60.000E-09,+80.402009189E-03,+4.904522560537E+00
-55.000E-09,+80.402009186E-03,+4.984924569719E+00
-50.000E-09,+80.402009189E-03,+4.904522560537E+00
-45.000E-09,+80.402009189E-03,+4.904522560533E+00
-40.000E-09,+80.402009189E-03,+4.904522560540E+00
-35.000E-09,+80.402009186E-03,+4.904522560540E+00
-30.000E-09,+80.402009189E-03,+4.824120551355E+00
-25.000E-09,+80.402009193E-03,+4.984924569723E+00
-20.000E-09,+241.206027564E-03,+4.984924569726E+00
-15.000E-09,+482.412055135E-03,+4.904522560537E+00
-10.000E-09,+1.366834156205E+00,+4.904522560537E+00
-5.000E-09,+2.170854248100E+00,+4.904522560533E+00
-0.0E+00,+2.974874339991E+00,+4.904522560537E+00
+5.000E-09,+3.618090413504E+00,+4.904522560537E+00
+10.000E-09,+4.261306487014E+00,+4.743718542162E+00
+15.000E-09,+4.582914523780E+00,+4.663316532969E+00
+20.000E-09,+4.904522560533E+00,+4.422110505406E+00
+25.000E-09,+4.904522560537E+00,+4.261306487020E+00
+30.000E-09,+5.065326578915E+00,+3.939698450267E+00
+35.000E-09,+5.145728588101E+00,+3.618090413514E+00
+40.000E-09,+5.065326578915E+00,+3.457286395133E+00
+45.000E-09,+5.065326578915E+00,+3.296482376751E+00
+50.000E-09,+5.145728588101E+00,+2.894472330816E+00
+55.000E-09,+5.065326578919E+00,+2.733668312430E+00
+60.000E-09,+5.145728588108E+00,+2.412060275677E+00
+65.000E-09,+5.145728588108E+00,+2.251256257296E+00
+70.000E-09,+5.226130597293E+00,+1.929648220539E+00
+75.000E-09,+5.306532606479E+00,+1.688442192972E+00
+80.000E-09,+5.226130597290E+00,+1.447236165408E+00
+85.000E-09,+5.226130597293E+00,+1.286432147026E+00
+90.000E-09,+5.226130597290E+00,+1.045226119462E+00
+95.000E-09,+5.226130597297E+00,+884.422101084E-03
+100.000E-09,+5.226130597297E+00,+723.618082702E-03
+105.000E-09,+5.226130597297E+00,+643.216073510E-03
+110.000E-09,+5.306532606479E+00,+562.814064324E-03
+115.000E-09,+5.226130597297E+00,+402.010045942E-03
+120.000E-09,+5.226130597293E+00,+321.608036757E-03
+125.000E-09,+5.226130597293E+00,+241.206027567E-03
+130.000E-09,+5.226130597293E+00,+80.402009196E-03
+135.000E-09,+5.145728588111E+00,+160.804018378E-03
+140.000E-09,+5.145728588108E+00,+160.804018378E-03
+145.000E-09,+5.226130597297E+00,+160.804018375E-03
+150.000E-09,+5.306532606479E+00,+80.402009189E-03
+155.000E-09,+5.226130597297E+00,+0.0E+00
+160.000E-09,+5.226130597293E+00,+0.0E+00
+165.000E-09,+5.306532606483E+00,+80.402009186E-03
+170.000E-09,+5.306532606479E+00,-80.402009186E-03
+175.000E-09,+5.145728588108E+00,+0.0E+00
+180.000E-09,+5.306532606479E+00,-80.402009186E-03
+185.000E-09,+5.226130597297E+00,-3E-12
+190.000E-09,+5.306532606483E+00,+0.0E+00
+195.000E-09,+5.226130597297E+00,-80.402009189E-03
+200.000E-09,+5.226130597290E+00,-80.402009186E-03
+205.000E-09,+5.226130597293E+00,+0.0E+00
+210.000E-09,+5.306532606479E+00,-80.402009186E-03
+215.000E-09,+5.145728588111E+00,-3E-12
+220.000E-09,+5.226130597293E+00,-80.402009189E-03
+225.000E-09,+5.226130597293E+00,+0.0E+00
+230.000E-09,+5.306532606483E+00,-80.402009189E-03
+235.000E-09,+5.306532606479E+00,-80.402009189E-03
+240.000E-09,+5.226130597293E+00,-80.402009186E-03
+245.000E-09,+5.306532606479E+00,-80.402009189E-03
+250.000E-09,+5.306532606479E+00,-160.804018375E-03
+255.000E-09,+5.226130597297E+00,-3E-12
+260.000E-09,+5.226130597297E+00,+0.0E+00
+265.000E-09,+5.226130597297E+00,-3E-12
+270.000E-09,+5.226130597297E+00,-3E-12
+275.000E-09,+5.226130597297E+00,+0.0E+00
+280.000E-09,+5.306532606479E+00,+0.0E+00
+285.000E-09,+5.226130597293E+00,+0.0E+00
+290.000E-09,+5.226130597293E+00,-160.804018372E-03
+295.000E-09,+5.226130597297E+00,-3E-12
+300.000E-09,+5.306532606483E+00,-80.402009189E-03
+305.000E-09,+5.226130597293E+00,-3E-12
+310.000E-09,+5.226130597293E+00,+0.0E+00
+315.000E-09,+5.306532606483E+00,-3E-12
+320.000E-09,+5.306532606483E+00,-80.402009189E-03
+325.000E-09,+5.226130597293E+00,-80.402009189E-03
+330.000E-09,+5.306532606479E+00,-160.804018372E-03
+335.000E-09,+5.306532606483E+00,+0.0E+00
+340.000E-09,+5.306532606483E+00,-80.402009189E-03
+345.000E-09,+5.226130597293E+00,-3E-12
+350.000E-09,+5.226130597293E+00,-80.402009186E-03
+355.000E-09,+5.306532606479E+00,-80.402009189E-03
+360.000E-09,+5.226130597290E+00,+0.0E+00
+365.000E-09,+5.306532606479E+00,-3E-12
+370.000E-09,+5.226130597293E+00,-80.402009186E-03
+375.000E-09,+5.226130597293E+00,-80.402009189E-03
+380.000E-09,+5.226130597293E+00,-80.402009189E-03
+385.000E-09,+5.226130597293E+00,-80.402009189E-03
+390.000E-09,+5.306532606483E+00,-80.402009189E-03
+395.000E-09,+5.226130597293E+00,-160.804018378E-03
+400.000E-09,+5.226130597293E+00,-160.804018372E-03
+405.000E-09,+5.226130597293E+00,+0.0E+00
+410.000E-09,+5.306532606479E+00,-80.402009186E-03
+415.000E-09,+5.226130597297E+00,-80.402009186E-03
+420.000E-09,+5.226130597297E+00,-80.402009186E-03
+425.000E-09,+5.226130597293E+00,-3E-12
+430.000E-09,+5.306532606479E+00,-80.402009189E-03
+435.000E-09,+5.226130597297E+00,-80.402009189E-03
+440.000E-09,+5.306532606476E+00,-80.402009189E-03
+445.000E-09,+5.306532606483E+00,-80.402009189E-03
+450.000E-09,+5.226130597290E+00,-160.804018375E-03
+455.000E-09,+5.145728588111E+00,-3E-12
+460.000E-09,+5.306532606483E+00,-80.402009189E-03
+465.000E-09,+5.306532606479E+00,-3E-12
+470.000E-09,+5.306532606479E+00,-3E-12
+475.000E-09,+5.306532606479E+00,-3E-12
+480.000E-09,+5.306532606483E+00,-80.402009186E-03
+485.000E-09,+5.306532606483E+00,+0.0E+00
+490.000E-09,+5.306532606479E+00,-80.402009186E-03
+495.000E-09,+5.226130597297E+00,+0.0E+00
+500.000E-09,+5.306532606479E+00,-80.402009189E-03
+505.000E-09,+5.226130597297E+00,-3E-12
+510.000E-09,+5.306532606479E+00,-80.402009186E-03
+515.000E-09,+5.226130597297E+00,-80.402009192E-03
+520.000E-09,+5.306532606479E+00,-80.402009189E-03
+525.000E-09,+5.306532606483E+00,-80.402009189E-03
+530.000E-09,+5.226130597293E+00,-80.402009189E-03
+535.000E-09,+5.226130597297E+00,-3E-12
+540.000E-09,+5.306532606479E+00,-160.804018378E-03
+545.000E-09,+5.306532606483E+00,-80.402009189E-03
+550.000E-09,+5.306532606479E+00,-80.402009186E-03
+555.000E-09,+5.306532606483E+00,-80.402009193E-03
+560.000E-09,+5.226130597293E+00,-80.402009186E-03
+565.000E-09,+5.226130597293E+00,-3E-12
+570.000E-09,+5.226130597290E+00,-80.402009186E-03
+575.000E-09,+5.226130597293E+00,+0.0E+00
+580.000E-09,+5.226130597297E+00,-80.402009186E-03
+585.000E-09,+5.226130597293E+00,-3E-12
+590.000E-09,+5.306532606479E+00,-80.402009189E-03
+595.000E-09,+5.306532606479E+00,-160.804018378E-03
+600.000E-09,+5.306532606479E+00,-80.402009186E-03
+605.000E-09,+5.226130597297E+00,-80.402009186E-03
+610.000E-09,+5.306532606479E+00,-80.402009189E-03
+615.000E-09,+5.306532606483E+00,-80.402009189E-03
+620.000E-09,+5.226130597293E+00,-7E-12
+625.000E-09,+5.226130597293E+00,+0.0E+00
+630.000E-09,+5.306532606479E+00,-4E-12
+635.000E-09,+5.306532606483E+00,-160.804018375E-03
+640.000E-09,+5.306532606479E+00,-80.402009189E-03
+645.000E-09,+5.226130597297E+00,-4E-12
+650.000E-09,+5.306532606483E+00,-80.402009186E-03
+655.000E-09,+5.226130597297E+00,+80.402009182E-03
+660.000E-09,+5.226130597293E+00,-4E-12
+665.000E-09,+5.226130597293E+00,-4E-12
+670.000E-09,+5.306532606479E+00,-80.402009186E-03
+675.000E-09,+5.226130597293E+00,-80.402009193E-03
+680.000E-09,+5.226130597290E+00,-80.402009189E-03
+685.000E-09,+5.226130597290E+00,-4E-12
+690.000E-09,+5.306532606479E+00,-160.804018371E-03
+695.000E-09,+5.226130597293E+00,-4E-12
+700.000E-09,+5.226130597297E+00,-80.402009186E-03
+705.000E-09,+5.226130597293E+00,-80.402009186E-03
+710.000E-09,+5.306532606479E+00,-80.402009186E-03
+715.000E-09,+5.226130597293E+00,-160.804018378E-03
+720.000E-09,+5.306532606479E+00,-160.804018375E-03
+725.000E-09,+5.306532606479E+00,-80.402009189E-03
+730.000E-09,+5.306532606479E+00,-80.402009189E-03
+735.000E-09,+5.226130597297E+00,-80.402009189E-03
+740.000E-09,+5.226130597293E+00,-80.402009189E-03
+745.000E-09,+5.226130597297E+00,-80.402009189E-03
+750.000E-09,+5.306532606483E+00,+0.0E+00
+755.000E-09,+5.226130597297E+00,-7E-12
+760.000E-09,+5.226130597293E+00,+0.0E+00
+765.000E-09,+5.226130597293E+00,-80.402009189E-03
+770.000E-09,+5.306532606475E+00,-80.402009186E-03
+775.000E-09,+5.226130597297E+00,+0.0E+00
+780.000E-09,+5.306532606479E+00,-4E-12
+785.000E-09,+5.145728588108E+00,-7E-12
+790.000E-09,+5.306532606479E+00,-80.402009189E-03
+795.000E-09,+5.226130597293E+00,-80.402009189E-03
+800.000E-09,+5.386934615661E+00,-80.402009189E-03
+805.000E-09,+5.226130597293E+00,+0.0E+00
+810.000E-09,+5.306532606479E+00,-160.804018371E-03
+815.000E-09,+5.145728588112E+00,-80.402009185E-03
+820.000E-09,+5.306532606479E+00,-80.402009193E-03
+825.000E-09,+5.306532606483E+00,-7E-12
+830.000E-09,+5.306532606479E+00,-4E-12
+835.000E-09,+5.306532606483E+00,-80.402009189E-03
+840.000E-09,+5.226130597290E+00,-80.402009185E-03
+845.000E-09,+5.226130597293E+00,-4E-12
+850.000E-09,+5.306532606479E+00,-160.804018375E-03
+855.000E-09,+5.145728588112E+00,-4E-12
+860.000E-09,+5.226130597293E+00,-80.402009189E-03
+865.000E-09,+5.226130597297E+00,-80.402009189E-03
+870.000E-09,+5.306532606479E+00,-4E-12
+875.000E-09,+5.226130597297E+00,-80.402009189E-03
+880.000E-09,+5.226130597293E+00,-80.402009185E-03
+885.000E-09,+5.306532606479E+00,-80.402009189E-03
+890.000E-09,+5.226130597293E+00,-80.402009189E-03
+895.000E-09,+5.226130597297E+00,-80.402009189E-03
+900.000E-09,+5.306532606483E+00,-4E-12
+905.000E-09,+5.226130597293E+00,-80.402009189E-03
+910.000E-09,+5.306532606479E+00,-80.402009189E-03
+915.000E-09,+5.226130597297E+00,-4E-12
+920.000E-09,+5.306532606479E+00,-80.402009185E-03
+925.000E-09,+5.226130597293E+00,-80.402009189E-03
+930.000E-09,+5.226130597293E+00,-80.402009185E-03
+935.000E-09,+5.226130597297E+00,-4E-12
+940.000E-09,+5.226130597293E+00,+0.0E+00
+945.000E-09,+5.306532606479E+00,-4E-12
+950.000E-09,+5.306532606479E+00,-80.402009189E-03
+955.000E-09,+5.306532606483E+00,-4E-12
+960.000E-09,+5.306532606479E+00,-4E-12
+965.000E-09,+5.226130597293E+00,-80.402009189E-03
+970.000E-09,+5.306532606479E+00,-80.402009189E-03
+975.000E-09,+5.226130597297E+00,-80.402009189E-03
+980.000E-09,+5.226130597293E+00,-80.402009189E-03
+985.000E-09,+5.226130597297E+00,+0.0E+00
+990.000E-09,+5.226130597293E+00,+0.0E+00
+995.000E-09,+5.226130597297E+00,-4E-12
+1.000000E-06,+5.306532606479E+00,+4E-12
+1.005000E-06,+5.226130597293E+00,-4E-12
+1.010000E-06,+5.306532606475E+00,-160.804018374E-03
+1.015000E-06,+5.306532606483E+00,-80.402009193E-03
+1.020000E-06,+5.306532606483E+00,-8E-12
+1.025000E-06,+5.226130597297E+00,-4E-12
+1.030000E-06,+5.306532606483E+00,-80.402009189E-03
+1.035000E-06,+5.306532606483E+00,-8E-12
+1.040000E-06,+5.306532606475E+00,-80.402009185E-03
+1.045000E-06,+5.306532606483E+00,-80.402009185E-03
+1.050000E-06,+5.306532606483E+00,-80.402009189E-03
+1.055000E-06,+5.226130597297E+00,-4E-12
+1.060000E-06,+5.306532606479E+00,-80.402009193E-03
+1.065000E-06,+5.306532606479E+00,-4E-12
+1.070000E-06,+5.306532606479E+00,-80.402009185E-03
+1.075000E-06,+5.306532606479E+00,-4E-12
+1.080000E-06,+5.226130597293E+00,-80.402009185E-03
+1.085000E-06,+5.226130597293E+00,-80.402009189E-03
+1.090000E-06,+5.306532606483E+00,-160.804018374E-03
+1.095000E-06,+5.226130597297E+00,-80.402009185E-03
+1.100000E-06,+5.226130597297E+00,-4E-12
+1.105000E-06,+5.306532606483E+00,-4E-12
+1.110000E-06,+5.226130597297E+00,-80.402009185E-03
+1.115000E-06,+5.306532606483E+00,-4E-12
+1.120000E-06,+5.306532606479E+00,-80.402009185E-03
+1.125000E-06,+5.306532606479E+00,+0.0E+00
+1.130000E-06,+5.306532606479E+00,-80.402009185E-03
+1.135000E-06,+5.226130597297E+00,-4E-12
+1.140000E-06,+5.306532606483E+00,-80.402009193E-03
+1.145000E-06,+5.145728588108E+00,-4E-12
+1.150000E-06,+5.306532606479E+00,+0.0E+00
+1.155000E-06,+5.306532606479E+00,-4E-12
+1.160000E-06,+5.306532606479E+00,+0.0E+00
+1.165000E-06,+5.226130597293E+00,-80.402009185E-03
+1.170000E-06,+5.306532606479E+00,-80.402009189E-03
+1.175000E-06,+5.226130597297E+00,-80.402009189E-03
+1.180000E-06,+5.306532606483E+00,-80.402009189E-03
+1.185000E-06,+5.306532606483E+00,-4E-12
+1.190000E-06,+5.306532606483E+00,-4E-12
+1.195000E-06,+5.306532606479E+00,-80.402009193E-03
+1.200000E-06,+5.306532606475E+00,-80.402009185E-03
+1.205000E-06,+5.306532606479E+00,-80.402009189E-03
+1.210000E-06,+5.306532606479E+00,-160.804018370E-03
+1.215000E-06,+5.306532606483E+00,-4E-12
+1.220000E-06,+5.306532606479E+00,-80.402009189E-03
+1.225000E-06,+5.306532606479E+00,-4E-12
+1.230000E-06,+5.306532606483E+00,-80.402009189E-03
+1.235000E-06,+5.306532606483E+00,-80.402009189E-03
+1.240000E-06,+5.226130597289E+00,-80.402009185E-03
+1.245000E-06,+5.226130597297E+00,-80.402009189E-03
+1.250000E-06,+5.306532606479E+00,-160.804018370E-03
+1.255000E-06,+5.226130597297E+00,-4E-12
+1.260000E-06,+5.306532606483E+00,-4E-12
+1.265000E-06,+5.226130597293E+00,-4E-12
+1.270000E-06,+5.306532606479E+00,+0.0E+00
+1.275000E-06,+5.226130597297E+00,-4E-12
+1.280000E-06,+5.306532606479E+00,-160.804018374E-03
+1.285000E-06,+5.306532606483E+00,+0.0E+00
+1.290000E-06,+5.306532606479E+00,-80.402009185E-03
+1.295000E-06,+5.226130597293E+00,-80.402009189E-03
+1.300000E-06,+5.226130597293E+00,-160.804018374E-03
+1.305000E-06,+5.306532606478E+00,-80.402009189E-03
+1.310000E-06,+5.306532606478E+00,-4E-12
+1.315000E-06,+5.226130597297E+00,-4E-12
+1.320000E-06,+5.306532606478E+00,-80.402009185E-03
+1.325000E-06,+5.306532606478E+00,+0.0E+00
+1.330000E-06,+5.226130597297E+00,-80.402009185E-03
+1.335000E-06,+5.226130597297E+00,-4E-12
+1.340000E-06,+5.306532606483E+00,-80.402009185E-03
+1.345000E-06,+5.226130597297E+00,-8E-12
+1.350000E-06,+5.306532606483E+00,-80.402009189E-03
+1.355000E-06,+5.226130597293E+00,-80.402009189E-03
+1.360000E-06,+5.306532606474E+00,-4E-12
+1.365000E-06,+5.226130597293E+00,-80.402009189E-03
+1.370000E-06,+5.226130597293E+00,-160.804018370E-03
+1.375000E-06,+5.226130597297E+00,+0.0E+00
+1.380000E-06,+5.226130597297E+00,-80.402009189E-03
+1.385000E-06,+5.226130597297E+00,-80.402009189E-03
+1.390000E-06,+5.226130597297E+00,-80.402009185E-03
+1.395000E-06,+5.226130597297E+00,-4E-12
+1.400000E-06,+5.306532606478E+00,-80.402009181E-03
+1.405000E-06,+5.226130597293E+00,-80.402009185E-03
+1.410000E-06,+5.306532606483E+00,-80.402009185E-03
+1.415000E-06,+5.226130597293E+00,+80.402009181E-03
+1.420000E-06,+5.226130597293E+00,-4E-12
+1.425000E-06,+5.306532606483E+00,-4E-12
+1.430000E-06,+5.306532606483E+00,+0.0E+00
+1.435000E-06,+5.226130597297E+00,+0.0E+00
+1.440000E-06,+5.306532606478E+00,-80.402009189E-03
+1.445000E-06,+5.226130597293E+00,-80.402009185E-03
+1.450000E-06,+5.306532606478E+00,-80.402009189E-03
+1.455000E-06,+5.145728588112E+00,-4E-12
+1.460000E-06,+5.306532606483E+00,-80.402009185E-03
+1.465000E-06,+5.306532606483E+00,-80.402009193E-03
+1.470000E-06,+5.306532606483E+00,-80.402009189E-03
+1.475000E-06,+5.226130597297E+00,-160.804018374E-03
+1.480000E-06,+5.226130597297E+00,-80.402009189E-03
+1.485000E-06,+5.226130597293E+00,-80.402009189E-03
+1.490000E-06,+5.306532606478E+00,-160.804018370E-03
+1.495000E-06,+5.226130597298E+00,+0.0E+00
+1.500000E-06,+5.226130597293E+00,-80.402009189E-03
+1.505000E-06,+5.226130597293E+00,-4E-12
+1.510000E-06,+5.306532606483E+00,+0.0E+00
+1.515000E-06,+5.306532606483E+00,-80.402009193E-03
+1.520000E-06,+5.226130597289E+00,-80.402009185E-03
+1.525000E-06,+5.226130597289E+00,-80.402009189E-03
+1.530000E-06,+5.226130597293E+00,-80.402009185E-03
+1.535000E-06,+5.226130597293E+00,-4E-12
+1.540000E-06,+5.226130597293E+00,+0.0E+00
+1.545000E-06,+5.226130597298E+00,+80.402009185E-03
+1.550000E-06,+5.306532606483E+00,+0.0E+00
+1.555000E-06,+5.226130597298E+00,-4E-12
+1.560000E-06,+5.226130597293E+00,-80.402009185E-03
+1.565000E-06,+5.306532606478E+00,+0.0E+00
+1.570000E-06,+5.306532606483E+00,-80.402009181E-03
+1.575000E-06,+5.145728588108E+00,-80.402009189E-03
+1.580000E-06,+5.226130597293E+00,-80.402009189E-03
+1.585000E-06,+5.145728588108E+00,-4E-12
+1.590000E-06,+5.226130597293E+00,-4E-12
+1.595000E-06,+5.226130597298E+00,-8E-12
+1.600000E-06,+5.226130597293E+00,+0.0E+00
+1.605000E-06,+5.226130597293E+00,-80.402009185E-03
+1.610000E-06,+5.306532606478E+00,-80.402009185E-03
+1.615000E-06,+5.306532606483E+00,-4E-12
+1.620000E-06,+5.306532606478E+00,+0.0E+00
+1.625000E-06,+5.226130597298E+00,-80.402009189E-03
+1.630000E-06,+5.306532606478E+00,-4E-12
+1.635000E-06,+5.226130597298E+00,-80.402009193E-03
+1.640000E-06,+5.226130597293E+00,-80.402009189E-03
+1.645000E-06,+5.226130597293E+00,+0.0E+00
+1.650000E-06,+5.306532606478E+00,-80.402009185E-03
+1.655000E-06,+5.226130597298E+00,-80.402009189E-03
+1.660000E-06,+5.226130597298E+00,-80.402009189E-03
+1.665000E-06,+5.226130597298E+00,-4E-12
+1.670000E-06,+5.306532606478E+00,-80.402009189E-03
+1.675000E-06,+5.306532606483E+00,-4E-12
+1.680000E-06,+5.306532606483E+00,-80.402009185E-03
+1.685000E-06,+5.226130597298E+00,-80.402009185E-03
+1.690000E-06,+5.226130597293E+00,-160.804018370E-03
+1.695000E-06,+5.306532606483E+00,-80.402009189E-03
+1.700000E-06,+5.306532606478E+00,-80.402009193E-03
+1.705000E-06,+5.226130597293E+00,-4E-12
+1.710000E-06,+5.226130597298E+00,-80.402009189E-03
+1.715000E-06,+5.306532606483E+00,-160.804018378E-03
+1.720000E-06,+5.306532606474E+00,-80.402009185E-03
+1.725000E-06,+5.306532606478E+00,-80.402009189E-03
+1.730000E-06,+5.226130597293E+00,-160.804018374E-03
+1.735000E-06,+5.145728588113E+00,-4E-12
+1.740000E-06,+5.226130597298E+00,-80.402009189E-03
+1.745000E-06,+5.145728588109E+00,+0.0E+00
+1.750000E-06,+5.306532606478E+00,-80.402009185E-03
+1.755000E-06,+5.226130597298E+00,-4E-12
+1.760000E-06,+5.226130597293E+00,-80.402009185E-03
+1.765000E-06,+5.226130597298E+00,-80.402009189E-03
+1.770000E-06,+5.226130597293E+00,-160.804018374E-03
+1.775000E-06,+5.145728588113E+00,-80.402009189E-03
+1.780000E-06,+5.226130597293E+00,-80.402009185E-03
+1.785000E-06,+5.145728588109E+00,-4E-12
+1.790000E-06,+5.226130597293E+00,-4E-12
+1.795000E-06,+5.306532606483E+00,-4E-12
+1.800000E-06,+5.226130597298E+00,-80.402009185E-03
+1.805000E-06,+5.226130597293E+00,+0.0E+00
+1.810000E-06,+5.226130597293E+00,-160.804018369E-03
+1.815000E-06,+5.226130597298E+00,-4E-12
+1.820000E-06,+5.306532606478E+00,-80.402009185E-03
+1.825000E-06,+5.226130597298E+00,-4E-12
+1.830000E-06,+5.306532606478E+00,-4E-12
+1.835000E-06,+5.226130597298E+00,-4E-12
+1.840000E-06,+5.306532606478E+00,+0.0E+00
+1.845000E-06,+5.306532606478E+00,-4E-12
+1.850000E-06,+5.306532606478E+00,-160.804018369E-03
+1.855000E-06,+5.145728588113E+00,-4E-12
+1.860000E-06,+5.226130597293E+00,-80.402009189E-03
+1.865000E-06,+5.226130597293E+00,+0.0E+00
+1.870000E-06,+5.306532606483E+00,-80.402009185E-03
+1.875000E-06,+5.306532606483E+00,-80.402009189E-03
+1.880000E-06,+5.226130597298E+00,-80.402009185E-03
+1.885000E-06,+5.306532606478E+00,-4E-12
+1.890000E-06,+5.306532606478E+00,-80.402009189E-03
+1.895000E-06,+5.226130597298E+00,-80.402009194E-03
+1.900000E-06,+5.226130597293E+00,-80.402009189E-03
+1.905000E-06,+5.306532606483E+00,-4E-12
+1.910000E-06,+5.306532606478E+00,-80.402009189E-03
+1.915000E-06,+5.306532606483E+00,-9E-12
+1.920000E-06,+5.226130597289E+00,+0.0E+00
+1.925000E-06,+5.306532606478E+00,-4E-12
+1.930000E-06,+5.306532606478E+00,-80.402009189E-03
+1.935000E-06,+5.226130597298E+00,-80.402009185E-03
+1.940000E-06,+5.306532606483E+00,-80.402009194E-03
+1.945000E-06,+5.226130597293E+00,-4E-12
+1.950000E-06,+5.306532606483E+00,-4E-12
+1.955000E-06,+5.226130597298E+00,-80.402009189E-03
+1.960000E-06,+5.226130597289E+00,-4E-12
+1.965000E-06,+5.226130597293E+00,+0.0E+00
+1.970000E-06,+5.226130597293E+00,-160.804018369E-03
+1.975000E-06,+5.226130597298E+00,-80.402009189E-03
+1.980000E-06,+5.306532606478E+00,-80.402009185E-03
+1.985000E-06,+5.306532606483E+00,+0.0E+00
+1.990000E-06,+5.306532606483E+00,-80.402009189E-03
+1.995000E-06,+5.226130597298E+00,-80.402009194E-03
+2.000000E-06,+5.306532606483E+00,-80.402009185E-03
+2.005000E-06,+5.226130597298E+00,-5E-12
+2.010000E-06,+5.306532606483E+00,+0.0E+00
+2.015000E-06,+5.226130597298E+00,+0.0E+00
+2.020000E-06,+5.226130597293E+00,+80.402009185E-03
+2.025000E-06,+5.226130597293E+00,+0.0E+00
+2.030000E-06,+5.226130597298E+00,+0.0E+00
+2.035000E-06,+5.226130597298E+00,-9E-12
+2.040000E-06,+5.306532606473E+00,+0.0E+00
+2.045000E-06,+5.306532606478E+00,+80.402009185E-03
+2.050000E-06,+5.226130597293E+00,-80.402009185E-03
+2.055000E-06,+5.306532606483E+00,+0.0E+00
+2.060000E-06,+5.306532606478E+00,-5E-12
+2.065000E-06,+5.306532606478E+00,+0.0E+00
+2.070000E-06,+5.306532606483E+00,-80.402009189E-03
+2.075000E-06,+5.306532606483E+00,-80.402009189E-03
+2.080000E-06,+5.306532606483E+00,-80.402009185E-03
+2.085000E-06,+5.226130597298E+00,-5E-12
+2.090000E-06,+5.306532606478E+00,-80.402009185E-03
+2.095000E-06,+5.226130597298E+00,-5E-12
+2.100000E-06,+5.306532606483E+00,-5E-12
+2.105000E-06,+5.226130597293E+00,-80.402009189E-03
+2.110000E-06,+5.226130597298E+00,-80.402009185E-03
+2.115000E-06,+5.226130597298E+00,-160.804018374E-03
+2.120000E-06,+5.226130597293E+00,-80.402009185E-03
+2.125000E-06,+5.226130597293E+00,-80.402009189E-03
+2.130000E-06,+5.226130597293E+00,-80.402009185E-03
+2.135000E-06,+5.226130597298E+00,+0.0E+00
+2.140000E-06,+5.306532606478E+00,-80.402009194E-03
+2.145000E-06,+5.226130597293E+00,-80.402009189E-03
+2.150000E-06,+5.306532606483E+00,-5E-12
+2.155000E-06,+5.226130597298E+00,-80.402009189E-03
+2.160000E-06,+5.306532606478E+00,-80.402009184E-03
+2.165000E-06,+5.306532606483E+00,-80.402009180E-03
+2.170000E-06,+5.306532606483E+00,-80.402009184E-03
+2.175000E-06,+5.226130597298E+00,+0.0E+00
+2.180000E-06,+5.226130597298E+00,-5E-12
+2.185000E-06,+5.306532606478E+00,-5E-12
+2.190000E-06,+5.306532606478E+00,-5E-12
+2.195000E-06,+5.306532606483E+00,-5E-12
+2.200000E-06,+5.306532606478E+00,-80.402009184E-03
+2.205000E-06,+5.226130597293E+00,-5E-12
+2.210000E-06,+5.306532606483E+00,-160.804018369E-03
+2.215000E-06,+5.226130597298E+00,-5E-12
+2.220000E-06,+5.145728588109E+00,-5E-12
+2.225000E-06,+5.306532606483E+00,-5E-12
+2.230000E-06,+5.306532606483E+00,-80.402009184E-03
+2.235000E-06,+5.226130597298E+00,-5E-12
+2.240000E-06,+5.226130597293E+00,-80.402009184E-03
+2.245000E-06,+5.226130597298E+00,-80.402009189E-03
+2.250000E-06,+5.226130597293E+00,-80.402009184E-03
+2.255000E-06,+5.226130597293E+00,-80.402009189E-03
+2.260000E-06,+5.306532606483E+00,-9E-12
+2.265000E-06,+5.226130597298E+00,-80.402009184E-03
+2.270000E-06,+5.306532606483E+00,-80.402009184E-03
+2.275000E-06,+5.306532606483E+00,-9E-12
+2.280000E-06,+5.226130597298E+00,-80.402009189E-03
+2.285000E-06,+5.226130597298E+00,-80.402009189E-03
+2.290000E-06,+5.226130597293E+00,-80.402009184E-03
+2.295000E-06,+5.145728588114E+00,+0.0E+00
+2.300000E-06,+5.226130597293E+00,-80.402009189E-03
+2.305000E-06,+5.226130597298E+00,-80.402009194E-03
+2.310000E-06,+5.386934615662E+00,-80.402009189E-03
+2.315000E-06,+5.226130597293E+00,-80.402009194E-03
+2.320000E-06,+5.306532606478E+00,-80.402009189E-03
+2.325000E-06,+5.306532606478E+00,-5E-12
+2.330000E-06,+5.306532606478E+00,-80.402009184E-03
+2.335000E-06,+5.226130597293E+00,-5E-12
+2.340000E-06,+5.226130597298E+00,-80.402009184E-03
+2.345000E-06,+5.226130597293E+00,-80.402009189E-03
+2.350000E-06,+5.306532606478E+00,-80.402009194E-03
+2.355000E-06,+5.226130597298E+00,-160.804018378E-03
+2.360000E-06,+5.226130597289E+00,-80.402009189E-03
+2.365000E-06,+5.226130597293E+00,-5E-12
+2.370000E-06,+5.306532606478E+00,-160.804018369E-03
+2.375000E-06,+5.306532606478E+00,-5E-12
+2.380000E-06,+5.306532606478E+00,-80.402009189E-03
+2.385000E-06,+5.226130597293E+00,-80.402009189E-03
+2.390000E-06,+5.226130597293E+00,-80.402009189E-03
+2.395000E-06,+5.226130597298E+00,-80.402009194E-03
+2.400000E-06,+5.306532606478E+00,-80.402009184E-03
+2.405000E-06,+5.226130597298E+00,-5E-12
+2.410000E-06,+5.306532606478E+00,-160.804018373E-03
+2.415000E-06,+5.145728588109E+00,-80.402009189E-03
+2.420000E-06,+5.226130597293E+00,-80.402009194E-03
+2.425000E-06,+5.226130597298E+00,-80.402009189E-03
+2.430000E-06,+5.306532606478E+00,-80.402009184E-03
+2.435000E-06,+5.226130597298E+00,-80.402009189E-03
+2.440000E-06,+5.306532606478E+00,-80.402009184E-03
+2.445000E-06,+5.226130597298E+00,+0.0E+00
+2.450000E-06,+5.306532606478E+00,-80.402009184E-03
+2.455000E-06,+5.226130597298E+00,+0.0E+00
+2.460000E-06,+5.306532606478E+00,-80.402009184E-03
+2.465000E-06,+5.306532606478E+00,+0.0E+00
+2.470000E-06,+5.306532606478E+00,-80.402009184E-03
+2.475000E-06,+5.306532606483E+00,-10E-12
+2.480000E-06,+5.306532606478E+00,+0.0E+00
+2.485000E-06,+5.306532606478E+00,-80.402009189E-03
+2.490000E-06,+5.226130597293E+00,-80.402009184E-03
+2.495000E-06,+4.904522560547E+00,-5E-12
+2.500000E-06,+4.341708496228E+00,-5E-12
+2.505000E-06,+3.457286395142E+00,-80.402009189E-03
+2.510000E-06,+2.653266303251E+00,-80.402009189E-03
+2.515000E-06,+1.929648220549E+00,-5E-12
+2.520000E-06,+1.366834156220E+00,-80.402009189E-03
+2.525000E-06,+964.824110270E-03,+5E-12
+2.530000E-06,+562.814064329E-03,+80.402009194E-03
+2.535000E-06,+402.010045951E-03,+321.608036752E-03
+2.540000E-06,+241.206027572E-03,+562.814064314E-03
+2.545000E-06,+321.608036752E-03,+723.618082692E-03
+2.550000E-06,+321.608036757E-03,+804.020091891E-03
+2.555000E-06,+241.206027567E-03,+964.824110265E-03
+2.560000E-06,+160.804018383E-03,+1.206030137832E+00
+2.565000E-06,+241.206027567E-03,+1.366834156220E+00
+2.570000E-06,+160.804018378E-03,+1.527638174593E+00
+2.575000E-06,+160.804018383E-03,+1.768844202156E+00
+2.580000E-06,+160.804018378E-03,+1.929648220534E+00
+2.585000E-06,+160.804018373E-03,+2.010050229728E+00
+2.590000E-06,+241.206027557E-03,+2.170854248106E+00
+2.595000E-06,+80.402009189E-03,+2.412060275669E+00
+2.600000E-06,+80.402009189E-03,+2.492462284868E+00
+2.605000E-06,+80.402009189E-03,+2.733668312425E+00
+2.610000E-06,+160.804018373E-03,+2.814070321624E+00
+2.615000E-06,+5E-12,+2.974874339998E+00
+2.620000E-06,+80.402009189E-03,+3.135678358376E+00
+2.625000E-06,+80.402009189E-03,+3.296482376749E+00
+2.630000E-06,+160.804018373E-03,+3.376884385943E+00
+2.635000E-06,+80.402009194E-03,+3.457286395133E+00
+2.640000E-06,+80.402009189E-03,+3.698492422695E+00
+2.645000E-06,+80.402009189E-03,+3.698492422700E+00
+2.650000E-06,+160.804018373E-03,+3.778894431894E+00
+2.655000E-06,+10E-12,+3.859296441078E+00
+2.660000E-06,+5E-12,+4.020100459451E+00
+2.665000E-06,+80.402009189E-03,+4.100502468636E+00
+2.670000E-06,+80.402009194E-03,+4.100502468646E+00
+2.675000E-06,+80.402009189E-03,+4.180904477830E+00
+2.680000E-06,+80.402009184E-03,+4.261306487024E+00
+2.685000E-06,+80.402009184E-03,+4.261306487024E+00
+2.690000E-06,+80.402009194E-03,+4.341708496218E+00
+2.695000E-06,+5E-12,+4.422110505402E+00
+2.700000E-06,+5E-12,+4.502512514586E+00
+2.705000E-06,+80.402009184E-03,+4.502512514591E+00
+2.710000E-06,+160.804018373E-03,+4.502512514591E+00
+2.715000E-06,+80.402009189E-03,+4.502512514591E+00
+2.720000E-06,+80.402009184E-03,+4.582914523780E+00
+2.725000E-06,+80.402009189E-03,+4.582914523775E+00
+2.730000E-06,+80.402009189E-03,+4.582914523785E+00
+2.735000E-06,+80.402009194E-03,+4.743718542159E+00
+2.740000E-06,+80.402009189E-03,+4.743718542153E+00
+2.745000E-06,+160.804018373E-03,+4.743718542153E+00
+2.750000E-06,+80.402009189E-03,+4.743718542159E+00
+2.755000E-06,+80.402009194E-03,+4.743718542159E+00
+2.760000E-06,+80.402009184E-03,+4.743718542164E+00
+2.765000E-06,+80.402009184E-03,+4.743718542164E+00
+2.770000E-06,+160.804018373E-03,+4.743718542164E+00
+2.775000E-06,+80.402009194E-03,+4.824120551343E+00
+2.780000E-06,+80.402009194E-03,+4.824120551343E+00
+2.785000E-06,+80.402009189E-03,+4.824120551348E+00
+2.790000E-06,+160.804018373E-03,+4.824120551343E+00
+2.795000E-06,+80.402009194E-03,+4.824120551343E+00
+2.800000E-06,+0.0E+00,+4.743718542164E+00
+2.805000E-06,+80.402009184E-03,+4.904522560527E+00
+2.810000E-06,+80.402009189E-03,+4.824120551348E+00
+2.815000E-06,+10E-12,+4.904522560537E+00
+2.820000E-06,+80.402009184E-03,+4.904522560537E+00
+2.825000E-06,+80.402009189E-03,+4.904522560532E+00
+2.830000E-06,+160.804018373E-03,+4.904522560537E+00
+2.835000E-06,+80.402009189E-03,+4.904522560532E+00
+2.840000E-06,+80.402009184E-03,+4.824120551353E+00
+2.845000E-06,+80.402009189E-03,+4.904522560537E+00
+2.850000E-06,+80.402009189E-03,+4.824120551353E+00
+2.855000E-06,+10E-12,+4.904522560537E+00
+2.860000E-06,+80.402009189E-03,+4.984924569721E+00
+2.865000E-06,+80.402009184E-03,+4.904522560537E+00
+2.870000E-06,+160.804018373E-03,+4.904522560537E+00
+2.875000E-06,+80.402009194E-03,+4.824120551348E+00
+2.880000E-06,+80.402009189E-03,+4.904522560537E+00
+2.885000E-06,+80.402009184E-03,+4.904522560537E+00
+2.890000E-06,+80.402009189E-03,+4.824120551353E+00
+2.895000E-06,+80.402009194E-03,+4.904522560532E+00
+2.900000E-06,+80.402009189E-03,+4.904522560537E+00
+2.905000E-06,+80.402009189E-03,+4.904522560532E+00
+2.910000E-06,+160.804018373E-03,+4.824120551353E+00
+2.915000E-06,+80.402009189E-03,+4.904522560532E+00
+2.920000E-06,+80.402009184E-03,+4.904522560537E+00
+2.925000E-06,+80.402009189E-03,+4.904522560537E+00
+2.930000E-06,+80.402009189E-03,+4.824120551353E+00
+2.935000E-06,+11E-12,+4.904522560537E+00
+2.940000E-06,+5E-12,+4.904522560537E+00
+2.945000E-06,+80.402009184E-03,+4.904522560537E+00
+2.950000E-06,+160.804018373E-03,+4.904522560537E+00
+2.955000E-06,+80.402009189E-03,+4.904522560537E+00
+2.960000E-06,+5E-12,+4.904522560537E+00
+2.965000E-06,+80.402009184E-03,+4.904522560537E+00
+2.970000E-06,+80.402009189E-03,+4.824120551358E+00
+2.975000E-06,+80.402009189E-03,+4.904522560537E+00
+2.980000E-06,+5E-12,+4.904522560537E+00
+2.985000E-06,+0.0E+00,+4.984924569715E+00
+2.990000E-06,+241.206027557E-03,+4.904522560537E+00
+2.995000E-06,+80.402009189E-03,+4.984924569715E+00
+3.000000E-06,+0.0E+00,+4.904522560542E+00
+3.005000E-06,+80.402009189E-03,+4.904522560537E+00
+3.010000E-06,+160.804018373E-03,+4.904522560542E+00
+3.015000E-06,+80.402009194E-03,+4.904522560537E+00
+3.020000E-06,+80.402009189E-03,+4.904522560537E+00
+3.025000E-06,+5E-12,+4.904522560537E+00
+3.030000E-06,+160.804018373E-03,+4.904522560537E+00
+3.035000E-06,+80.402009189E-03,+4.904522560532E+00
+3.040000E-06,+80.402009184E-03,+4.904522560537E+00
+3.045000E-06,+80.402009184E-03,+4.904522560537E+00
+3.050000E-06,+80.402009189E-03,+4.743718542164E+00
+3.055000E-06,+5E-12,+4.904522560537E+00
+3.060000E-06,+0.0E+00,+4.904522560537E+00
+3.065000E-06,+160.804018373E-03,+4.984924569726E+00
+3.070000E-06,+80.402009189E-03,+4.984924569721E+00
+3.075000E-06,+80.402009189E-03,+4.904522560532E+00
+3.080000E-06,+80.402009189E-03,+4.984924569721E+00
+3.085000E-06,+160.804018373E-03,+4.904522560537E+00
+3.090000E-06,+80.402009189E-03,+4.824120551358E+00
+3.095000E-06,+80.402009194E-03,+4.904522560537E+00
+3.100000E-06,+80.402009184E-03,+4.824120551353E+00
+3.105000E-06,+80.402009189E-03,+4.904522560537E+00
+3.110000E-06,+160.804018373E-03,+4.904522560537E+00
+3.115000E-06,+5E-12,+4.904522560531E+00
+3.120000E-06,+80.402009184E-03,+4.824120551353E+00
+3.125000E-06,+80.402009189E-03,+4.904522560531E+00
+3.130000E-06,+80.402009189E-03,+4.824120551353E+00
+3.135000E-06,+5E-12,+4.904522560531E+00
+3.140000E-06,+80.402009189E-03,+4.824120551353E+00
+3.145000E-06,+80.402009189E-03,+4.904522560537E+00
+3.150000E-06,+160.804018373E-03,+4.904522560537E+00
+3.155000E-06,+80.402009189E-03,+4.904522560531E+00
+3.160000E-06,+80.402009184E-03,+4.904522560537E+00
+3.165000E-06,+80.402009189E-03,+4.904522560537E+00
+3.170000E-06,+80.402009189E-03,+4.824120551353E+00
+3.175000E-06,+80.402009195E-03,+4.904522560537E+00
+3.180000E-06,+5E-12,+4.904522560537E+00
+3.185000E-06,+80.402009189E-03,+4.904522560537E+00
+3.190000E-06,+160.804018373E-03,+4.904522560537E+00
+3.195000E-06,+80.402009189E-03,+4.904522560531E+00
+3.200000E-06,+80.402009189E-03,+4.904522560537E+00
+3.205000E-06,+160.804018373E-03,+4.904522560537E+00
+3.210000E-06,+80.402009189E-03,+4.824120551353E+00
+3.215000E-06,+80.402009195E-03,+4.904522560537E+00
+3.220000E-06,+80.402009189E-03,+4.824120551353E+00
+3.225000E-06,+80.402009184E-03,+4.904522560531E+00
+3.230000E-06,+160.804018378E-03,+4.904522560537E+00
+3.235000E-06,+5E-12,+4.904522560531E+00
+3.240000E-06,+80.402009189E-03,+4.904522560537E+00
+3.245000E-06,+80.402009184E-03,+4.904522560531E+00
+3.250000E-06,+160.804018367E-03,+4.824120551353E+00
+3.255000E-06,+80.402009195E-03,+4.904522560537E+00
+3.260000E-06,+80.402009189E-03,+4.904522560537E+00
+3.265000E-06,+80.402009189E-03,+4.904522560537E+00
+3.270000E-06,+160.804018373E-03,+4.904522560531E+00
+3.275000E-06,+80.402009189E-03,+4.904522560531E+00
+3.280000E-06,+80.402009184E-03,+4.824120551348E+00
+3.285000E-06,+80.402009184E-03,+4.904522560537E+00
+3.290000E-06,+80.402009189E-03,+4.904522560537E+00
+3.295000E-06,+80.402009195E-03,+4.904522560537E+00
+3.300000E-06,+80.402009189E-03,+4.904522560537E+00
+3.305000E-06,+80.402009189E-03,+4.904522560537E+00
+3.310000E-06,+160.804018373E-03,+4.904522560537E+00
+3.315000E-06,+80.402009184E-03,+4.904522560531E+00
+3.320000E-06,+0.0E+00,+4.904522560537E+00
+3.325000E-06,+80.402009189E-03,+4.904522560537E+00
+3.330000E-06,+80.402009189E-03,+4.904522560542E+00
+3.335000E-06,+80.402009189E-03,+4.984924569720E+00
+3.340000E-06,+80.402009184E-03,+4.904522560537E+00
+3.345000E-06,+80.402009189E-03,+4.904522560537E+00
+3.350000E-06,+160.804018373E-03,+4.904522560537E+00
+3.355000E-06,+80.402009189E-03,+4.824120551348E+00
+3.360000E-06,+80.402009184E-03,+4.824120551353E+00
+3.365000E-06,+80.402009189E-03,+4.904522560537E+00
+3.370000E-06,+80.402009189E-03,+4.824120551353E+00
+3.375000E-06,+80.402009189E-03,+4.904522560537E+00
+3.380000E-06,+80.402009195E-03,+4.904522560537E+00
+3.385000E-06,+80.402009189E-03,+4.984924569720E+00
+3.390000E-06,+160.804018373E-03,+4.984924569726E+00
+3.395000E-06,+80.402009195E-03,+4.904522560531E+00
+3.400000E-06,+80.402009189E-03,+4.904522560537E+00
+3.405000E-06,+80.402009184E-03,+4.904522560537E+00
+3.410000E-06,+80.402009189E-03,+4.824120551353E+00
+3.415000E-06,+6E-12,+4.904522560537E+00
+3.420000E-06,+80.402009189E-03,+4.904522560531E+00
+3.425000E-06,+80.402009189E-03,+4.984924569720E+00
+3.430000E-06,+160.804018373E-03,+4.904522560537E+00
+3.435000E-06,+80.402009189E-03,+4.984924569715E+00
+3.440000E-06,+6E-12,+4.904522560542E+00
+3.445000E-06,+80.402009189E-03,+4.824120551353E+00
+3.450000E-06,+80.402009195E-03,+4.824120551348E+00
+3.455000E-06,+80.402009189E-03,+4.904522560537E+00
+3.460000E-06,+6E-12,+4.904522560537E+00
+3.465000E-06,+80.402009189E-03,+4.904522560537E+00
+3.470000E-06,+160.804018367E-03,+4.904522560537E+00
+3.475000E-06,+11E-12,+4.904522560531E+00
+3.480000E-06,+6E-12,+4.824120551348E+00
+3.485000E-06,+80.402009189E-03,+4.984924569726E+00
+3.490000E-06,+80.402009189E-03,+4.824120551353E+00
+3.495000E-06,+6E-12,+4.904522560537E+00
+3.500000E-06,+80.402009189E-03,+4.904522560537E+00
+3.505000E-06,+6E-12,+4.984924569720E+00
+3.510000E-06,+160.804018373E-03,+4.904522560537E+00
+3.515000E-06,+80.402009189E-03,+4.904522560531E+00
+3.520000E-06,+80.402009183E-03,+4.824120551353E+00
+3.525000E-06,+80.402009189E-03,+4.984924569720E+00
+3.530000E-06,+80.402009189E-03,+4.824120551359E+00
+3.535000E-06,+11E-12,+4.904522560537E+00
+3.540000E-06,+80.402009189E-03,+4.904522560537E+00
+3.545000E-06,+80.402009189E-03,+4.904522560537E+00
+3.550000E-06,+160.804018373E-03,+4.904522560537E+00
+3.555000E-06,+80.402009189E-03,+4.904522560531E+00
+3.560000E-06,+80.402009183E-03,+4.904522560537E+00
+3.565000E-06,+80.402009189E-03,+4.904522560537E+00
+3.570000E-06,+80.402009189E-03,+4.824120551353E+00
+3.575000E-06,+6E-12,+4.984924569720E+00
+3.580000E-06,+6E-12,+4.904522560531E+00
+3.585000E-06,+80.402009189E-03,+4.904522560537E+00
+3.590000E-06,+160.804018373E-03,+4.904522560537E+00
+3.595000E-06,+80.402009195E-03,+4.904522560537E+00
+3.600000E-06,+0.0E+00,+4.824120551353E+00
+3.605000E-06,+80.402009189E-03,+4.824120551353E+00
+3.610000E-06,+80.402009189E-03,+4.824120551359E+00
+3.615000E-06,+80.402009189E-03,+4.904522560537E+00
+3.620000E-06,+0.0E+00,+4.904522560537E+00
+3.625000E-06,+80.402009189E-03,+4.984924569726E+00
+3.630000E-06,+160.804018373E-03,+4.904522560537E+00
+3.635000E-06,+80.402009189E-03,+4.904522560531E+00
+3.640000E-06,+0.0E+00,+4.904522560537E+00
+3.645000E-06,+80.402009189E-03,+4.904522560531E+00
+3.650000E-06,+80.402009189E-03,+4.824120551359E+00
+3.655000E-06,+6E-12,+4.904522560537E+00
+3.660000E-06,+6E-12,+4.904522560531E+00
+3.665000E-06,+80.402009189E-03,+4.904522560531E+00
+3.670000E-06,+160.804018378E-03,+4.904522560537E+00
+3.675000E-06,+80.402009189E-03,+4.904522560531E+00
+3.680000E-06,+80.402009189E-03,+4.904522560537E+00
+3.685000E-06,+80.402009189E-03,+4.904522560537E+00
+3.690000E-06,+160.804018372E-03,+4.824120551354E+00
+3.695000E-06,+6E-12,+4.904522560537E+00
+3.700000E-06,+80.402009189E-03,+4.904522560537E+00
+3.705000E-06,+160.804018372E-03,+4.904522560537E+00
+3.710000E-06,+160.804018372E-03,+4.904522560537E+00
+3.715000E-06,+80.402009195E-03,+4.904522560531E+00
+3.720000E-06,+80.402009189E-03,+4.904522560537E+00
+3.725000E-06,+80.402009189E-03,+4.904522560537E+00
+3.730000E-06,+80.402009189E-03,+4.824120551359E+00
+3.735000E-06,+6E-12,+4.904522560537E+00
+3.740000E-06,+80.402009189E-03,+4.904522560537E+00
+3.745000E-06,+0.0E+00,+4.984924569720E+00
+3.750000E-06,+160.804018378E-03,+4.904522560537E+00
+3.755000E-06,+80.402009195E-03,+4.904522560531E+00
+3.760000E-06,+80.402009189E-03,+4.984924569720E+00
+3.765000E-06,+160.804018367E-03,+4.904522560531E+00
+3.770000E-06,+80.402009189E-03,+4.824120551359E+00
+3.775000E-06,+80.402009195E-03,+4.904522560537E+00
+3.780000E-06,+0.0E+00,+4.904522560537E+00
+3.785000E-06,+80.402009183E-03,+4.984924569720E+00
+3.790000E-06,+160.804018372E-03,+4.824120551354E+00
+3.795000E-06,+80.402009195E-03,+4.904522560531E+00
+3.800000E-06,+80.402009183E-03,+4.904522560543E+00
+3.805000E-06,+80.402009183E-03,+4.904522560531E+00
+3.810000E-06,+160.804018372E-03,+4.824120551354E+00
+3.815000E-06,+12E-12,+4.904522560531E+00
+3.820000E-06,+6E-12,+4.984924569720E+00
+3.825000E-06,+80.402009189E-03,+4.904522560537E+00
+3.830000E-06,+160.804018372E-03,+4.904522560537E+00
+3.835000E-06,+80.402009195E-03,+4.904522560531E+00
+3.840000E-06,+80.402009189E-03,+4.824120551359E+00
+3.845000E-06,+80.402009183E-03,+4.904522560537E+00
+3.850000E-06,+80.402009189E-03,+4.824120551354E+00
+3.855000E-06,+80.402009189E-03,+4.904522560537E+00
+3.860000E-06,+0.0E+00,+4.904522560537E+00
+3.865000E-06,+160.804018367E-03,+4.904522560537E+00
+3.870000E-06,+160.804018372E-03,+4.904522560537E+00
+3.875000E-06,+12E-12,+4.904522560531E+00
+3.880000E-06,+80.402009189E-03,+4.904522560531E+00
+3.885000E-06,+80.402009189E-03,+4.824120551354E+00
+3.890000E-06,+160.804018372E-03,+4.824120551354E+00
+3.895000E-06,+80.402009195E-03,+4.904522560537E+00
+3.900000E-06,+0.0E+00,+4.904522560537E+00
+3.905000E-06,+0.0E+00,+4.904522560531E+00
+3.910000E-06,+80.402009189E-03,+4.904522560537E+00
+3.915000E-06,+80.402009195E-03,+4.904522560531E+00
+3.920000E-06,+0.0E+00,+4.904522560543E+00
+3.925000E-06,+80.402009183E-03,+4.904522560543E+00
+3.930000E-06,+80.402009189E-03,+4.904522560543E+00
+3.935000E-06,+80.402009189E-03,+4.904522560537E+00
+3.940000E-06,+6E-12,+4.904522560537E+00
+3.945000E-06,+80.402009189E-03,+4.904522560543E+00
+3.950000E-06,+160.804018372E-03,+4.904522560537E+00
+3.955000E-06,+80.402009189E-03,+4.824120551348E+00
+3.960000E-06,+80.402009183E-03,+4.904522560537E+00
+3.965000E-06,+80.402009183E-03,+4.904522560537E+00
+3.970000E-06,+160.804018372E-03,+4.824120551354E+00
+3.975000E-06,+6E-12,+4.904522560537E+00
+3.980000E-06,+0.0E+00,+4.824120551342E+00
+3.985000E-06,+6E-12,+4.904522560531E+00
+3.990000E-06,+160.804018372E-03,+4.904522560537E+00
+3.995000E-06,+6E-12,+4.904522560531E+00
+4.000000E-06,+80.402009183E-03,+4.904522560537E+00
+4.005000E-06,+0.0E+00,+4.904522560537E+00
+4.010000E-06,+80.402009189E-03,+4.824120551354E+00
+4.015000E-06,+12E-12,+4.824120551348E+00
+4.020000E-06,+80.402009189E-03,+4.824120551354E+00
+4.025000E-06,+80.402009183E-03,+4.904522560537E+00
+4.030000E-06,+160.804018372E-03,+4.904522560537E+00
+4.035000E-06,+80.402009189E-03,+4.904522560531E+00
+4.040000E-06,+0.0E+00,+4.824120551354E+00
+4.045000E-06,+80.402009183E-03,+4.904522560537E+00
+4.050000E-06,+80.402009189E-03,+4.824120551354E+00
+4.055000E-06,+6E-12,+4.824120551354E+00
+4.060000E-06,+0.0E+00,+4.904522560537E+00
+4.065000E-06,+80.402009189E-03,+4.984924569720E+00
+4.070000E-06,+80.402009189E-03,+4.904522560537E+00
+4.075000E-06,+80.402009195E-03,+4.904522560531E+00
+4.080000E-06,+80.402009183E-03,+4.904522560537E+00
+4.085000E-06,+80.402009189E-03,+4.904522560537E+00
+4.090000E-06,+160.804018366E-03,+4.904522560543E+00
+4.095000E-06,+12E-12,+4.904522560537E+00
+4.100000E-06,+80.402009189E-03,+4.904522560537E+00
+4.105000E-06,+80.402009189E-03,+4.984924569720E+00
+4.110000E-06,+80.402009189E-03,+4.904522560537E+00
+4.115000E-06,+80.402009195E-03,+4.904522560531E+00
+4.120000E-06,+80.402009183E-03,+4.904522560537E+00
+4.125000E-06,+80.402009183E-03,+4.904522560537E+00
+4.130000E-06,+80.402009189E-03,+4.824120551354E+00
+4.135000E-06,+80.402009195E-03,+4.984924569720E+00
+4.140000E-06,+6E-12,+4.904522560537E+00
+4.145000E-06,+80.402009189E-03,+4.904522560537E+00
+4.150000E-06,+160.804018378E-03,+4.904522560537E+00
+4.155000E-06,+80.402009195E-03,+4.904522560531E+00
+4.160000E-06,+80.402009189E-03,+4.904522560537E+00
+4.165000E-06,+160.804018366E-03,+4.904522560543E+00
+4.170000E-06,+80.402009189E-03,+4.824120551354E+00
+4.175000E-06,+6E-12,+4.904522560537E+00
+4.180000E-06,+80.402009189E-03,+4.904522560531E+00
+4.185000E-06,+80.402009183E-03,+4.904522560537E+00
+4.190000E-06,+80.402009189E-03,+4.904522560537E+00
+4.195000E-06,+12E-12,+4.984924569708E+00
+4.200000E-06,+80.402009183E-03,+4.824120551354E+00
+4.205000E-06,+80.402009183E-03,+4.904522560537E+00
+4.210000E-06,+80.402009189E-03,+4.824120551354E+00
+4.215000E-06,+12E-12,+4.904522560537E+00
+4.220000E-06,+6E-12,+4.824120551354E+00
+4.225000E-06,+80.402009183E-03,+4.904522560537E+00
+4.230000E-06,+80.402009195E-03,+4.904522560537E+00
+4.235000E-06,+80.402009195E-03,+4.904522560531E+00
+4.240000E-06,+80.402009183E-03,+4.904522560537E+00
+4.245000E-06,+80.402009183E-03,+4.904522560537E+00
+4.250000E-06,+80.402009189E-03,+4.824120551354E+00
+4.255000E-06,+6E-12,+4.904522560537E+00
+4.260000E-06,+80.402009189E-03,+4.984924569720E+00
+4.265000E-06,+80.402009183E-03,+4.904522560537E+00
+4.270000E-06,+80.402009189E-03,+4.904522560537E+00
+4.275000E-06,+80.402009189E-03,+4.904522560537E+00
+4.280000E-06,+0.0E+00,+4.904522560537E+00
+4.285000E-06,+160.804018372E-03,+4.904522560537E+00
+4.290000E-06,+80.402009189E-03,+4.904522560537E+00
+4.295000E-06,+6E-12,+4.984924569726E+00
+4.300000E-06,+6E-12,+4.904522560537E+00
+4.305000E-06,+80.402009189E-03,+4.904522560543E+00
+4.310000E-06,+160.804018372E-03,+4.904522560537E+00
+4.315000E-06,+6E-12,+4.904522560537E+00
+4.320000E-06,+80.402009189E-03,+4.904522560543E+00
+4.325000E-06,+80.402009183E-03,+4.984924569726E+00
+4.330000E-06,+160.804018372E-03,+4.824120551360E+00
+4.335000E-06,+13E-12,+4.904522560537E+00
+4.340000E-06,+0.0E+00,+4.904522560537E+00
+4.345000E-06,+80.402009189E-03,+4.904522560531E+00
+4.350000E-06,+80.402009189E-03,+4.904522560537E+00
+4.355000E-06,+80.402009189E-03,+4.904522560531E+00
+4.360000E-06,+6E-12,+4.824120551360E+00
+4.365000E-06,+80.402009189E-03,+4.904522560537E+00
+4.370000E-06,+80.402009189E-03,+4.824120551354E+00
+4.375000E-06,+13E-12,+4.904522560537E+00
+4.380000E-06,+80.402009189E-03,+4.984924569713E+00
+4.385000E-06,+6E-12,+4.904522560537E+00
+4.390000E-06,+80.402009189E-03,+4.904522560543E+00
+4.395000E-06,+80.402009189E-03,+4.904522560530E+00
+4.400000E-06,+80.402009183E-03,+4.904522560537E+00
+4.405000E-06,+80.402009183E-03,+4.984924569720E+00
+4.410000E-06,+160.804018372E-03,+4.824120551354E+00
+4.415000E-06,+6E-12,+4.904522560537E+00
+4.420000E-06,+80.402009183E-03,+4.904522560537E+00
+4.425000E-06,+80.402009189E-03,+4.904522560530E+00
+4.430000E-06,+160.804018372E-03,+4.904522560537E+00
+4.435000E-06,+160.804018372E-03,+4.904522560530E+00
+4.440000E-06,+80.402009183E-03,+4.904522560543E+00
+4.445000E-06,+6E-12,+4.904522560537E+00
+4.450000E-06,+80.402009183E-03,+4.824120551354E+00
+4.455000E-06,+13E-12,+4.904522560530E+00
+4.460000E-06,+80.402009183E-03,+4.984924569720E+00
+4.465000E-06,+80.402009183E-03,+4.904522560537E+00
+4.470000E-06,+160.804018372E-03,+4.904522560537E+00
+4.475000E-06,+80.402009189E-03,+4.904522560537E+00
+4.480000E-06,+80.402009183E-03,+4.904522560537E+00
+4.485000E-06,+80.402009183E-03,+4.904522560543E+00
+4.490000E-06,+160.804018372E-03,+4.904522560537E+00
+4.495000E-06,+13E-12,+4.904522560537E+00
+4.500000E-06,+6E-12,+4.904522560537E+00
+4.505000E-06,+80.402009189E-03,+4.904522560537E+00
+4.510000E-06,+80.402009189E-03,+4.904522560537E+00
+4.515000E-06,+6E-12,+4.904522560530E+00
+4.520000E-06,+0.0E+00,+4.904522560543E+00
+4.525000E-06,+80.402009183E-03,+4.904522560537E+00
+4.530000E-06,+80.402009183E-03,+4.824120551354E+00
+4.535000E-06,+80.402009196E-03,+4.824120551354E+00
+4.540000E-06,+0.0E+00,+4.904522560537E+00
+4.545000E-06,+80.402009189E-03,+4.904522560537E+00
+4.550000E-06,+160.804018378E-03,+4.904522560537E+00
+4.555000E-06,+80.402009189E-03,+4.904522560530E+00
+4.560000E-06,+80.402009183E-03,+4.904522560537E+00
+4.565000E-06,+80.402009183E-03,+4.904522560537E+00
+4.570000E-06,+80.402009183E-03,+4.904522560543E+00
+4.575000E-06,+6E-12,+4.904522560537E+00
+4.580000E-06,+0.0E+00,+4.904522560530E+00
+4.585000E-06,+80.402009189E-03,+4.984924569720E+00
+4.590000E-06,+160.804018372E-03,+4.904522560537E+00
+4.595000E-06,+80.402009189E-03,+4.904522560530E+00
+4.600000E-06,+0.0E+00,+4.904522560537E+00
+4.605000E-06,+80.402009189E-03,+4.904522560537E+00
+4.610000E-06,+160.804018372E-03,+4.904522560537E+00
+4.615000E-06,+13E-12,+4.904522560537E+00
+4.620000E-06,+0.0E+00,+4.824120551354E+00
+4.625000E-06,+80.402009189E-03,+4.984924569720E+00
+4.630000E-06,+160.804018372E-03,+4.904522560537E+00
+4.635000E-06,+80.402009189E-03,+4.904522560530E+00
+4.640000E-06,+80.402009183E-03,+4.824120551348E+00
+4.645000E-06,+80.402009183E-03,+4.904522560537E+00
+4.650000E-06,+80.402009189E-03,+4.824120551354E+00
+4.655000E-06,+6E-12,+4.904522560537E+00
+4.660000E-06,+80.402009196E-03,+4.904522560537E+00
+4.665000E-06,+80.402009189E-03,+4.904522560537E+00
+4.670000E-06,+80.402009189E-03,+4.904522560537E+00
+4.675000E-06,+80.402009189E-03,+4.904522560530E+00
+4.680000E-06,+80.402009183E-03,+4.904522560537E+00
+4.685000E-06,+80.402009189E-03,+4.904522560537E+00
+4.690000E-06,+80.402009183E-03,+4.824120551354E+00
+4.695000E-06,+7E-12,+4.904522560537E+00
+4.700000E-06,+7E-12,+4.904522560537E+00
+4.705000E-06,+80.402009189E-03,+4.904522560530E+00
+4.710000E-06,+80.402009189E-03,+4.904522560537E+00
+4.715000E-06,+7E-12,+4.904522560530E+00
+4.720000E-06,+7E-12,+4.904522560537E+00
+4.725000E-06,+80.402009183E-03,+4.904522560537E+00
+4.730000E-06,+160.804018372E-03,+4.824120551354E+00
+4.735000E-06,+13E-12,+4.904522560537E+00
+4.740000E-06,+0.0E+00,+4.904522560537E+00
+4.745000E-06,+7E-12,+4.984924569719E+00
+4.750000E-06,+80.402009189E-03,+4.904522560537E+00
+4.755000E-06,+80.402009189E-03,+4.904522560530E+00
+4.760000E-06,+80.402009183E-03,+4.904522560537E+00
+4.765000E-06,+80.402009183E-03,+4.904522560537E+00
+4.770000E-06,+80.402009183E-03,+4.824120551361E+00
+4.775000E-06,+80.402009189E-03,+4.904522560537E+00
+4.780000E-06,+80.402009189E-03,+4.984924569726E+00
+4.785000E-06,+80.402009189E-03,+4.984924569726E+00
+4.790000E-06,+160.804018372E-03,+4.904522560544E+00
+4.795000E-06,+7E-12,+4.904522560530E+00
+4.800000E-06,+0.0E+00,+4.904522560544E+00
+4.805000E-06,+80.402009182E-03,+4.904522560537E+00
+4.810000E-06,+80.402009189E-03,+4.824120551354E+00
+4.815000E-06,+80.402009189E-03,+4.984924569719E+00
+4.820000E-06,+80.402009189E-03,+4.904522560537E+00
+4.825000E-06,+0.0E+00,+4.984924569719E+00
+4.830000E-06,+80.402009189E-03,+4.904522560537E+00
+4.835000E-06,+13E-12,+4.904522560530E+00
+4.840000E-06,+80.402009189E-03,+4.904522560537E+00
+4.845000E-06,+80.402009189E-03,+4.904522560537E+00
+4.850000E-06,+80.402009182E-03,+4.824120551354E+00
+4.855000E-06,+7E-12,+4.984924569719E+00
+4.860000E-06,+7E-12,+4.904522560530E+00
+4.865000E-06,+80.402009189E-03,+4.904522560537E+00
+4.870000E-06,+160.804018372E-03,+4.904522560537E+00
+4.875000E-06,+80.402009189E-03,+4.904522560530E+00
+4.880000E-06,+80.402009182E-03,+4.904522560544E+00
+4.885000E-06,+0.0E+00,+4.904522560537E+00
+4.890000E-06,+160.804018372E-03,+4.824120551361E+00
+4.895000E-06,+80.402009196E-03,+4.904522560537E+00
+4.900000E-06,+80.402009189E-03,+4.984924569726E+00
+4.905000E-06,+160.804018372E-03,+4.904522560530E+00
+4.910000E-06,+160.804018372E-03,+4.904522560537E+00
+4.915000E-06,+80.402009189E-03,+4.904522560530E+00
+4.920000E-06,+0.0E+00,+4.904522560537E+00
+4.925000E-06,+80.402009189E-03,+4.904522560537E+00
+4.930000E-06,+80.402009189E-03,+4.824120551354E+00
+4.935000E-06,+13E-12,+4.904522560537E+00
+4.940000E-06,+7E-12,+4.824120551354E+00
+4.945000E-06,+7E-12,+4.904522560537E+00
+4.950000E-06,+80.402009189E-03,+4.904522560530E+00
+4.955000E-06,+80.402009196E-03,+4.904522560530E+00
+4.960000E-06,+160.804018365E-03,+4.904522560530E+00
+4.965000E-06,+80.402009182E-03,+4.904522560537E+00
+4.970000E-06,+80.402009189E-03,+4.824120551361E+00
+4.975000E-06,+13E-12,+4.904522560544E+00
+4.980000E-06,+160.804018378E-03,+4.904522560537E+00
+4.985000E-06,+482.412055135E-03,+4.984924569719E+00
+4.990000E-06,+1.366834156195E+00,+4.904522560537E+00
+4.995000E-06,+2.170854248093E+00,+4.904522560530E+00
